Area,mnemonic,Gross Disposable Household Income (GDHI),Balance of primary income,Primary resources,Operating surplus,Mixed income,Compensation of employees,Property income received,Primary uses,Property income paid,Balance of secondary income,Secondary resources,Imputed social contributions/Social benefits received other than social transfers in kind,Other current transfers received,Secondary uses,Current taxes on income and wealth,Social contributions/Social benefits paid,Other current transfers paid
country:United Kingdom,K02000001,1300608,1505201,1528464,171934,138743,996944,220843,23263,23263,-204593,365224,337991,27233,569817,228309,300656,40852
country:Great Britain,K03000001,1270652,1472836,1495792,168535,135328,975727,216202,22956,22956,-202184,355279,329061,26218,557463,224564,293432,39467
country:England,E92000001,1122348,1308489,1328974,151343,123291,860976,193364,20484,20484,-186141,305879,283355,22524,492020,201752,256321,33947
country:Wales,W92000004,50060,52968,53779,5648,4201,36407,7522,811,811,-2908,18698,17214,1485,21606,6947,12515,2144
country:Scotland,S92000003,98244,111379,113040,11545,7835,78344,15315,1661,1661,-13135,30702,28493,2209,43837,15865,24595,3376
country:Northern Ireland,N92000002,29956,32365,32672,3399,3415,21217,4641,307,307,-2409,9945,8930,1015,12354,3745,7224,1385
country:England and Wales,K04000001,1172408,1361457,1382752,156990,127493,897383,200887,21296,21296,-189049,324577,300568,24009,513626,208699,268837,36091
itl121:North East (England),TLC,42139,45028,45661,4437,3125,32013,6087,633,633,-2889,15580,14385,1195,18469,6104,10612,1753
itl121:North West (England),TLD,124586,137463,139737,14850,10565,94685,19637,2274,2274,-12877,40890,38116,2774,53767,19010,30489,4268
itl121:Yorkshire and The Humber,TLE,90018,99046,100669,9893,8137,68091,14549,1623,1623,-9028,29944,27731,2213,38972,13331,22307,3335
itl121:East Midlands (England),TLF,82011,92327,93816,8979,7369,64094,13374,1489,1489,-10316,26077,24011,2066,36393,13183,20152,3059
itl121:West Midlands (England),TLG,99114,110143,111935,11247,8847,75857,15984,1792,1792,-11029,31827,29441,2386,42856,15347,23931,3577
itl121:East,TLH,127041,149519,152042,16894,13781,99190,22178,2523,2523,-22478,34457,31737,2720,56935,23868,29083,3984
itl121:London,TLI,243320,311543,315729,38658,37537,193388,46147,4186,4186,-68223,40441,37539,2902,108664,53949,50056,4659
itl121:South East (England),TLJ,206588,246103,249978,31663,21894,159796,36624,3875,3875,-39515,53008,49268,3740,92523,41279,45639,5605
itl121:South West (England),TLK,107531,117317,119406,14723,12036,73862,18786,2090,2090,-9785,33656,31128,2528,43442,15681,24052,3708
itl121:Wales,TLL,50060,52968,53779,5648,4201,36407,7522,811,811,-2908,18698,17214,1485,21606,6947,12515,2144
itl121:Scotland,TLM,98244,111379,113040,11545,7835,78344,15315,1661,1661,-13135,30702,28493,2209,43837,15865,24595,3376
itl121:Northern Ireland,TLN,29956,32365,32672,3399,3415,21217,4641,307,307,-2409,9945,8930,1015,12354,3745,7224,1385
itl221:Tees Valley and Durham,TLC1,18661,19833,20102,1885,1343,14227,2647,269,269,-1172,7056,6510,546,8228,2719,4713,796
"itl221:Northumberland, and Tyne and Wear",TLC2,23478,25195,25559,2552,1782,17786,3439,364,364,-1717,8524,7876,648,10241,3385,5898,958
itl221:Cumbria,TLD1,9295,9916,10107,1245,708,6573,1582,191,191,-621,3157,2946,210,3778,1319,2141,319
itl221:Greater Manchester,TLD3,45947,52173,52986,5314,4268,36167,7237,813,813,-6226,14310,13287,1023,20536,7093,11860,1582
itl221:Lancashire,TLD4,24704,26428,26878,2935,2100,17811,4032,450,450,-1724,8685,8106,580,10410,3480,6043,887
itl221:Cheshire,TLD6,19495,22170,22567,2592,1442,14989,3544,397,397,-2675,5665,5259,406,8340,3460,4280,600
itl221:Merseyside,TLD7,25146,26777,27200,2764,2048,19145,3242,423,423,-1631,9073,8518,555,10704,3659,6165,880
itl221:East Yorkshire and Northern Lincolnshire,TLE1,14990,16166,16436,1641,1208,11357,2229,270,270,-1176,5238,4852,385,6414,2158,3675,580
itl221:North Yorkshire,TLE2,16392,18166,18541,2278,1567,11463,3233,374,374,-1775,5096,4722,374,6870,2669,3650,552
itl221:South Yorkshire,TLE3,21495,23311,23655,2098,1990,16446,3120,344,344,-1815,7488,6940,548,9304,3012,5455,837
itl221:West Yorkshire,TLE4,37141,41403,42038,3876,3371,28824,5967,635,635,-4262,12122,11216,906,16384,5491,9527,1366
itl221:Derbyshire and Nottinghamshire,TLF1,36312,40840,41462,3757,3131,28894,5680,622,622,-4527,12127,11203,924,16654,6021,9249,1384
"itl221:Leicestershire, Rutland and Northamptonshire",TLF2,32748,37749,38379,3802,3087,25875,5614,630,630,-5001,9398,8591,806,14399,5322,7899,1178
itl221:Lincolnshire,TLF3,12951,13738,13975,1419,1151,9324,2080,237,237,-788,4552,4217,336,5340,1839,3004,497
"itl221:Herefordshire, Worcestershire and Warwickshire",TLG1,27386,30934,31506,3586,2518,20263,5139,572,572,-3548,8008,7384,624,11555,4586,6061,908
itl221:Shropshire and Staffordshire,TLG2,28118,31306,31811,3162,2465,21441,4743,504,504,-3189,9162,8471,691,12351,4402,6916,1033
itl221:West Midlands,TLG3,43610,47902,48618,4499,3864,34154,6101,716,716,-4292,14657,13586,1071,18950,6359,10955,1636
itl221:East Anglia,TLH1,47224,53132,54018,5917,4904,35108,8089,885,885,-5909,14426,13338,1088,20335,7807,10914,1613
itl221:Bedfordshire and Hertfordshire,TLH2,41989,51756,52613,5746,4563,34688,7617,857,857,-9766,9838,9010,827,19604,8881,9530,1193
itl221:Essex,TLH3,37828,44631,45412,5231,4314,29394,6473,781,781,-6803,10193,9388,805,16996,7179,8639,1178
itl221:Inner London - West,TLI3,57338,78442,79541,10154,8545,45278,15564,1099,1099,-21104,5400,4989,411,26504,16689,9154,660
itl221:Inner London - East,TLI4,59116,76380,77294,8441,9923,49284,9647,914,914,-17264,9577,8894,683,26841,12242,13433,1166
itl221:Outer London - East and North East,TLI5,40186,48207,48871,6129,6438,30634,5669,664,664,-8021,8972,8341,630,16992,6797,9201,994
itl221:Outer London - South,TLI6,32115,40438,40996,5151,4140,26251,5454,558,558,-8323,6603,6141,462,14927,6959,7250,718
itl221:Outer London - West and North West,TLI7,54565,68076,69027,8783,8490,41941,9813,951,951,-13511,9889,9174,715,23400,11262,11017,1121
"itl221:Berkshire, Buckinghamshire and Oxfordshire",TLJ1,57739,71918,72985,8719,5857,47963,10446,1067,1067,-14179,13037,12036,1001,27216,12591,13148,1476
"itl221:Surrey, East and West Sussex",TLJ2,70752,83928,85336,11517,7667,52742,13410,1409,1409,-13175,17978,16773,1206,31153,14584,14762,1807
itl221:Hampshire and Isle of Wight,TLJ3,40729,47250,47974,5913,4194,31253,6613,724,724,-6521,11490,10685,805,18012,7399,9393,1219
itl221:Kent,TLJ4,37369,43008,43683,5515,4176,27837,6155,675,675,-5639,10503,9774,729,16142,6705,8335,1102
"itl221:Gloucestershire, Wiltshire and Bath/Bristol area",TLK1,50094,57788,58717,6551,5372,37900,8894,929,929,-7694,14042,12907,1135,21735,8309,11775,1652
itl221:Dorset and Somerset,TLK2,25985,27428,27959,3738,2911,16885,4426,531,531,-1444,8620,8004,616,10064,3641,5521,901
itl221:Cornwall and Isles of Scilly,TLK3,9928,9915,10124,1474,1283,5656,1711,210,210,13,3511,3256,255,3498,1109,2013,376
itl221:Devon,TLK4,21524,22185,22606,2961,2470,13421,3754,421,421,-661,7484,6961,523,8145,2622,4743,779
itl221:West Wales and The Valleys,TLL1,30194,31120,31587,3248,2511,21554,4274,467,467,-926,11918,10998,920,12844,3946,7561,1336
itl221:East Wales,TLL2,19866,21847,22192,2400,1690,14853,3249,345,345,-1982,6780,6215,565,8762,3001,4954,807
itl221:North Eastern Scotland,TLM5,10074,12524,12724,1391,688,8883,1762,200,200,-2450,2480,2261,220,4930,2105,2500,325
itl221:Highlands and Islands,TLM6,8393,9154,9318,1136,771,6065,1345,164,164,-761,2709,2505,204,3470,1149,2015,306
itl221:Eastern Scotland,TLM7,37275,42537,43174,4424,3175,29583,5991,636,636,-5263,11341,10529,812,16604,6194,9170,1239
itl221:West Central Scotland,TLM8,26072,29378,29779,2790,1954,21352,3684,401,401,-3305,8422,7841,581,11728,4045,6773,910
itl221:Southern Scotland,TLM9,16430,17786,18046,1804,1248,12462,2533,260,260,-1356,5749,5358,391,7105,2372,4137,596
itl221:Northern Ireland,TLN0,29956,32365,32672,3399,3415,21217,4641,307,307,-2409,9945,8930,1015,12354,3745,7224,1385
itl321:Hartlepool and Stockton-on-Tees,TLC11,4589,4928,4998,496,321,3560,622,71,71,-339,1639,1505,134,1978,695,1090,193
itl321:South Teesside,TLC12,4198,4304,4365,431,287,3067,579,61,61,-106,1706,1585,121,1811,564,1070,177
itl321:Darlington,TLC13,1766,1905,1933,200,132,1342,259,28,28,-138,628,578,50,767,255,440,72
itl321:Durham,TLC14,8108,8697,8805,758,603,6257,1187,108,108,-589,3083,2842,241,3672,1205,2113,354
itl321:Northumberland,TLC21,5991,6071,6171,697,475,4003,996,100,100,-80,2252,2091,161,2332,839,1263,230
itl321:Tyneside,TLC22,13272,14669,14876,1458,1019,10506,1893,208,208,-1397,4650,4282,368,6047,1990,3509,549
itl321:Sunderland,TLC23,4215,4455,4511,396,288,3276,551,56,56,-240,1622,1502,120,1861,556,1127,179
itl321:West Cumbria,TLD11,4061,4480,4551,461,233,3234,624,71,71,-419,1392,1296,96,1811,635,1030,146
itl321:East Cumbria,TLD12,5234,5436,5557,784,475,3339,959,121,121,-202,1765,1650,115,1967,683,1111,173
itl321:Manchester,TLD33,7884,9058,9194,887,954,6220,1133,136,136,-1174,2285,2114,171,3459,1029,2150,280
itl321:Greater Manchester South West,TLD34,9298,11232,11415,1193,834,7649,1739,182,182,-1935,2512,2326,187,4447,1846,2317,283
itl321:Greater Manchester South East,TLD35,9250,10457,10638,1186,785,7219,1448,181,181,-1207,2873,2669,203,4080,1449,2322,308
itl321:Greater Manchester North West,TLD36,9604,10559,10711,994,820,7461,1435,152,152,-954,3260,3030,230,4214,1364,2497,353
itl321:Greater Manchester North East,TLD37,9911,10867,11028,1054,875,7617,1482,161,161,-956,3380,3147,233,4336,1405,2573,358
itl321:Blackburn with Darwen,TLD41,1949,2011,2040,190,168,1378,304,29,29,-62,759,708,51,820,233,509,79
itl321:Blackpool,TLD42,2186,2160,2197,247,222,1437,292,38,38,27,862,812,50,836,231,525,80
itl321:Lancaster and Wyre,TLD44,4220,4412,4496,551,369,2847,729,85,85,-192,1535,1434,100,1726,574,997,155
itl321:Mid Lancashire,TLD45,7158,7878,8021,935,560,5305,1221,143,143,-720,2373,2215,159,3094,1121,1732,241
itl321:East Lancashire,TLD46,5023,5434,5508,483,448,3823,754,74,74,-411,1790,1666,124,2202,699,1314,189
itl321:Chorley and West Lancashire,TLD47,4168,4534,4615,529,332,3021,732,81,81,-366,1366,1271,95,1732,622,966,144
itl321:Warrington,TLD61,3996,4756,4830,483,282,3402,663,74,74,-760,1096,1008,88,1856,711,1013,131
itl321:Cheshire East,TLD62,8609,9739,9920,1181,648,6349,1741,181,181,-1129,2464,2293,171,3593,1597,1745,251
itl321:Cheshire West and Chester,TLD63,6889,7675,7818,928,511,5238,1140,142,142,-787,2105,1959,147,2892,1152,1522,218
itl321:East Merseyside,TLD71,7261,7790,7901,730,521,5787,864,112,112,-528,2621,2451,170,3149,1094,1792,263
itl321:Liverpool,TLD72,7308,7948,8059,726,671,5737,925,111,111,-640,2570,2413,156,3209,1027,1920,262
itl321:Sefton,TLD73,4930,5173,5268,619,413,3533,702,95,95,-243,1800,1695,105,2043,700,1179,163
itl321:Wirral,TLD74,5646,5866,5971,689,442,4089,751,105,105,-220,2082,1958,124,2302,837,1274,191
"itl321:Kingston upon Hull, City of",TLE11,3584,3909,3959,306,297,2916,440,50,50,-325,1265,1171,94,1590,444,999,147
itl321:East Riding of Yorkshire,TLE12,6234,6691,6821,793,526,4446,1056,131,131,-457,2134,1980,154,2590,968,1395,228
itl321:North and North East Lincolnshire,TLE13,5171,5566,5655,542,385,3995,733,89,89,-395,1839,1701,137,2233,747,1281,206
itl321:York,TLE21,3805,4428,4519,553,360,2968,637,91,91,-623,1129,1043,86,1752,648,973,132
itl321:North Yorkshire CC,TLE22,12587,13739,14022,1725,1207,8495,2596,284,284,-1151,3967,3678,288,5118,2021,2677,420
"itl321:Barnsley, Doncaster and Rotherham",TLE31,12873,13742,13938,1200,1129,9737,1871,197,197,-869,4608,4274,333,5477,1758,3218,501
itl321:Sheffield,TLE32,8623,9569,9716,898,861,6709,1248,147,147,-947,2881,2666,215,3827,1254,2237,336
itl321:Bradford,TLE41,7748,8175,8301,766,716,5613,1206,125,125,-428,2785,2589,196,3213,1038,1880,295
itl321:Leeds,TLE42,13474,15657,15898,1476,1292,10943,2187,242,242,-2182,3975,3665,310,6157,2122,3565,471
itl321:Calderdale and Kirklees,TLE44,10348,11512,11689,1081,933,7914,1761,177,177,-1164,3468,3209,259,4633,1576,2668,389
itl321:Wakefield,TLE45,5571,6059,6150,552,431,4354,812,90,90,-488,1893,1753,140,2381,755,1415,211
itl321:Derby,TLF11,3949,4509,4571,373,309,3326,562,62,62,-561,1306,1205,101,1866,610,1105,152
itl321:East Derbyshire,TLF12,4471,4765,4840,452,376,3360,652,75,75,-294,1622,1500,122,1917,642,1092,183
itl321:South and West Derbyshire,TLF13,9403,10981,11154,1048,801,7674,1631,174,174,-1577,2942,2707,234,4519,1752,2424,343
itl321:Nottingham,TLF14,4215,4693,4755,372,433,3363,587,62,62,-478,1465,1356,110,1944,623,1143,178
itl321:North Nottinghamshire,TLF15,7748,8310,8432,736,653,5886,1158,122,122,-562,2734,2532,203,3296,1162,1833,301
itl321:South Nottinghamshire,TLF16,6526,7581,7710,776,558,5285,1091,128,128,-1055,2057,1903,154,3112,1233,1652,227
itl321:Leicester,TLF21,4642,5206,5282,457,417,3695,713,76,76,-564,1458,1334,124,2022,588,1241,193
itl321:Leicestershire CC and Rutland,TLF22,13613,15455,15732,1668,1209,10371,2484,276,276,-1842,4011,3674,337,5853,2227,3135,492
itl321:West Northamptonshire,TLF24,8171,9759,9922,988,873,6658,1403,164,164,-1587,2110,1920,190,3697,1470,1958,270
itl321:North Northamptonshire,TLF25,6321,7329,7443,690,589,5152,1013,114,114,-1008,1819,1664,156,2827,1038,1565,224
itl321:Lincolnshire CC,TLF30,12951,13738,13975,1419,1151,9324,2080,237,237,-788,4552,4217,336,5340,1839,3004,497
"itl321:Herefordshire, County of",TLG11,3587,3768,3846,488,401,2253,704,78,78,-181,1169,1081,88,1350,488,733,129
itl321:Worcestershire CC,TLG12,11610,12912,13153,1517,1135,8481,2021,242,242,-1302,3570,3297,273,4872,1881,2593,398
itl321:Warwickshire CC,TLG13,12189,14254,14506,1581,982,9529,2414,252,252,-2065,3269,3006,263,5334,2217,2735,382
itl321:Telford and Wrekin,TLG21,2849,3193,3240,291,240,2283,426,46,46,-344,942,870,72,1286,425,754,107
itl321:Shropshire,TLG22,6007,6502,6627,787,603,4106,1132,126,126,-495,1963,1819,144,2458,965,1280,213
itl321:Stoke-on-Trent,TLG23,3621,3915,3962,295,308,2908,451,47,47,-294,1281,1185,95,1575,487,941,147
itl321:Staffordshire CC,TLG24,15641,17697,17982,1789,1315,12144,2734,285,285,-2056,4977,4597,380,7032,2525,3941,566
itl321:Birmingham,TLG31,16413,17785,18044,1627,1581,12544,2292,259,259,-1372,5574,5179,395,6946,2285,4051,610
itl321:Solihull,TLG32,4653,5409,5509,625,342,3795,747,100,100,-757,1385,1289,96,2142,956,1046,140
itl321:Coventry,TLG33,5284,6091,6183,581,450,4382,770,92,92,-806,1646,1514,131,2452,773,1475,205
itl321:Dudley,TLG36,4965,5483,5568,531,438,3888,710,85,85,-518,1695,1566,129,2213,717,1302,195
itl321:Sandwell,TLG37,4426,4693,4756,398,375,3486,497,63,63,-267,1542,1425,117,1809,556,1074,179
itl321:Walsall,TLG38,4119,4410,4473,394,371,3116,591,63,63,-291,1488,1382,106,1779,556,1062,161
itl321:Wolverhampton,TLG39,3750,4031,4086,343,307,2942,494,55,55,-282,1327,1231,96,1609,517,945,148
itl321:Peterborough,TLH11,3395,3879,3924,301,324,2817,482,45,45,-484,973,893,80,1457,540,800,118
itl321:Cambridgeshire CC,TLH12,13950,17114,17391,1850,1419,11649,2472,277,277,-3165,3504,3213,291,6669,2875,3368,425
itl321:Suffolk CC,TLH14,14134,15596,15860,1766,1484,10119,2491,264,264,-1462,4504,4171,333,5966,2225,3249,492
itl321:Norwich and East Norfolk,TLH15,6206,6795,6902,710,649,4509,1034,106,106,-590,2107,1958,149,2697,939,1531,228
itl321:North and West Norfolk,TLH16,4592,4481,4580,665,505,2649,760,100,100,111,1687,1574,113,1576,523,884,169
itl321:Breckland and South Norfolk,TLH17,4948,5267,5361,625,522,3365,849,94,94,-319,1651,1528,123,1970,706,1083,181
itl321:Luton,TLH21,3477,3989,4050,415,479,2704,452,62,62,-511,947,868,79,1458,475,865,118
itl321:Hertfordshire CC,TLH23,29166,36416,37031,4117,3091,24231,5592,614,614,-7250,6470,5924,546,13720,6631,6308,781
itl321:Bedford,TLH24,3488,4127,4190,425,351,2830,583,64,64,-639,953,879,74,1592,610,874,108
itl321:Central Bedfordshire,TLH25,5858,7224,7341,788,642,4923,989,118,118,-1366,1468,1340,129,2834,1166,1483,185
itl321:Southend-on-Sea,TLH31,3543,4144,4218,490,406,2744,577,73,73,-602,1007,933,74,1609,623,875,111
itl321:Thurrock,TLH32,3107,3707,3765,390,421,2581,374,58,58,-600,744,672,71,1343,508,732,103
itl321:Essex Haven Gateway,TLH34,9187,10302,10482,1206,1055,6766,1456,180,180,-1115,2827,2617,210,3942,1546,2085,312
itl321:West Essex,TLH35,7374,8832,8990,1056,878,5417,1638,158,158,-1458,1719,1576,143,3177,1456,1517,204
itl321:Heart of Essex,TLH36,7468,9127,9290,1088,745,6119,1338,162,162,-1660,1915,1766,149,3575,1691,1669,215
itl321:Essex Thames Gateway,TLH37,7150,8518,8667,1000,809,5767,1091,149,149,-1368,1981,1824,158,3350,1356,1761,232
itl321:Camden and City of London,TLI31,12136,15956,16127,1573,2223,8565,3767,170,170,-3820,1192,1108,85,5013,3029,1843,140
itl321:Westminster,TLI32,13190,17968,18263,2724,2133,10154,3252,295,295,-4777,1267,1181,86,6045,4066,1840,139
itl321:Kensington & Chelsea and Hammersmith & Fulham,TLI33,19888,27436,27846,3792,2586,15416,6053,411,411,-7548,1612,1482,130,9160,5998,2960,202
itl321:Wandsworth,TLI34,12124,17082,17306,2066,1604,11143,2493,224,224,-4958,1329,1219,110,6286,3597,2512,178
itl321:Hackney and Newham,TLI41,12940,15681,15876,1802,2658,9636,1780,195,195,-2741,2442,2272,170,5183,1959,2933,291
itl321:Tower Hamlets,TLI42,7826,10684,10792,1001,1144,7401,1246,108,108,-2857,1128,1044,84,3985,2080,1760,146
itl321:Haringey and Islington,TLI43,14724,18798,19037,2210,2507,11534,2786,239,239,-4074,2261,2111,150,6335,3121,2958,256
itl321:Lewisham and Southwark,TLI44,14753,19246,19478,2141,2235,12683,2419,232,232,-4493,2483,2301,182,6976,3068,3601,307
itl321:Lambeth,TLI45,8872,11971,12111,1287,1378,8029,1416,139,139,-3099,1263,1167,97,4362,2015,2182,165
itl321:Bexley and Greenwich,TLI51,11351,14286,14464,1638,1490,9770,1566,177,177,-2935,2469,2292,176,5404,2377,2747,280
itl321:Barking & Dagenham and Havering,TLI52,9044,10684,10821,1257,1484,6896,1184,136,136,-1640,2232,2074,158,3873,1413,2214,245
itl321:Redbridge and Waltham Forest,TLI53,12617,15274,15496,2052,2365,9288,1791,222,222,-2657,2458,2272,185,5115,1979,2840,296
itl321:Enfield,TLI54,7174,7962,8090,1181,1099,4680,1129,128,128,-788,1813,1703,111,2601,1028,1400,173
itl321:Bromley,TLI61,8669,10789,10944,1430,955,7071,1489,155,155,-2120,1936,1811,125,4056,1994,1871,191
itl321:Croydon,TLI62,8327,9974,10115,1305,1143,6476,1190,141,141,-1647,1942,1813,129,3589,1439,1946,203
"itl321:Merton, Kingston upon Thames and Sutton",TLI63,15119,19676,19937,2417,2042,12705,2775,262,262,-4557,2726,2517,209,7282,3525,3433,324
itl321:Barnet,TLI71,10979,13327,13530,1881,1747,7457,2446,204,204,-2348,1915,1780,135,4263,2122,1930,211
itl321:Brent,TLI72,7921,9283,9418,1242,1546,5511,1118,135,135,-1362,1494,1392,102,2857,1156,1534,166
itl321:Ealing,TLI73,8936,11284,11438,1422,1438,7250,1328,154,154,-2348,1634,1519,115,3982,1871,1930,181
itl321:Harrow and Hillingdon,TLI74,12877,15436,15667,2132,1953,9448,2134,231,231,-2559,2653,2459,195,5213,2161,2749,303
itl321:Hounslow and Richmond upon Thames,TLI75,13852,18746,18974,2107,1806,12275,2786,228,228,-4894,2192,2023,169,7086,3952,2875,259
itl321:Berkshire,TLJ11,21625,27443,27856,3375,2155,18738,3588,413,413,-5818,4628,4252,376,10446,4894,4999,553
itl321:Milton Keynes,TLJ12,5492,6755,6841,703,515,4746,877,86,86,-1263,1303,1198,104,2566,1024,1387,155
itl321:Buckinghamshire,TLJ13,14420,17884,18145,2131,1421,11547,3045,261,261,-3464,3374,3136,238,6837,3417,3076,344
itl321:Oxfordshire CC,TLJ14,16201,19836,20143,2510,1766,12932,2935,307,307,-3635,3732,3449,283,7367,3256,3687,424
itl321:Brighton and Hove,TLJ21,6287,7486,7621,1106,1015,4376,1124,135,135,-1199,1334,1235,99,2532,937,1432,162
itl321:East Sussex CC,TLJ22,11632,12565,12783,1782,1414,7457,2130,218,218,-933,3754,3529,224,4687,1976,2368,343
itl321:West Surrey,TLJ25,22613,28756,29203,3655,2123,18693,4733,447,447,-6143,4862,4512,349,11005,5776,4720,509
itl321:East Surrey,TLJ26,11129,13644,13875,1887,1081,8686,2221,231,231,-2515,2586,2409,177,5101,2613,2230,258
itl321:West Sussex (South West),TLJ27,9756,10370,10569,1628,1103,6172,1666,199,199,-614,3071,2884,186,3684,1398,2003,284
itl321:West Sussex (North East),TLJ28,9335,11107,11285,1459,931,7359,1536,179,179,-1772,2373,2203,170,4144,1885,2009,251
itl321:Portsmouth,TLJ31,3422,3841,3894,434,464,2550,447,53,53,-420,1009,936,72,1428,463,848,117
itl321:Southampton,TLJ32,4116,4876,4937,498,542,3316,582,61,61,-760,1083,995,87,1842,594,1108,140
itl321:Isle of Wight,TLJ34,2439,2354,2399,369,274,1386,370,45,45,85,941,884,57,856,301,467,88
itl321:South Hampshire,TLJ35,8963,10284,10443,1305,877,6948,1313,160,160,-1321,2650,2463,187,3971,1556,2132,283
itl321:Central Hampshire,TLJ36,13213,15161,15417,2090,1273,9572,2482,256,256,-1949,3750,3506,244,5699,2602,2737,360
itl321:North Hampshire,TLJ37,8576,10734,10883,1218,765,7481,1420,149,149,-2158,2058,1900,158,4216,1883,2101,232
itl321:Medway,TLJ41,5082,5886,5974,719,641,3954,659,88,88,-804,1398,1292,106,2203,785,1256,161
itl321:Kent Thames Gateway,TLJ43,6949,8033,8156,1007,835,5347,967,123,123,-1084,1869,1728,141,2954,1131,1610,213
itl321:East Kent,TLJ44,9680,10040,10226,1518,1071,6149,1488,186,186,-360,3347,3147,200,3708,1308,2085,314
itl321:Mid Kent,TLJ45,6157,7135,7243,882,689,4675,997,108,108,-978,1673,1551,122,2651,1103,1366,181
itl321:West Kent,TLJ46,9502,11915,12085,1388,940,7712,2044,170,170,-2412,2215,2056,159,4627,2377,2018,232
"itl321:Bristol, City of",TLK11,8669,10362,10521,1125,1149,6852,1395,159,159,-1693,2138,1950,188,3831,1356,2191,283
"itl321:Bath and North East Somerset, North Somerset and South Gloucestershire",TLK12,14114,16137,16409,1924,1433,10394,2658,273,273,-2022,3958,3642,316,5980,2283,3238,460
itl321:Gloucestershire CC,TLK13,12884,14474,14716,1708,1343,9321,2344,242,242,-1590,3829,3532,297,5419,2145,2845,429
itl321:Swindon,TLK14,4126,5068,5138,495,402,3677,564,70,70,-941,1039,942,97,1980,744,1096,141
itl321:Wiltshire,TLK15,10301,11748,11932,1299,1044,7655,1934,184,184,-1447,3077,2840,237,4525,1781,2404,339
itl321:Somerset CC,TLK23,10506,11038,11226,1324,1155,6933,1815,188,188,-532,3530,3269,261,4062,1446,2238,379
"itl321:Bournemouth, Christchurch and Poole",TLK24,7822,8626,8796,1197,942,5395,1262,170,170,-804,2349,2174,176,3154,1153,1740,261
itl321:Dorset,TLK25,7657,7764,7937,1216,814,4557,1349,173,173,-107,2741,2562,179,2848,1043,1544,261
itl321:Cornwall and Isles of Scilly,TLK30,9928,9915,10124,1474,1283,5656,1711,210,210,13,3511,3256,255,3498,1109,2013,376
itl321:Plymouth,TLK41,4215,4495,4557,439,407,3144,567,62,62,-280,1506,1402,104,1786,535,1091,160
itl321:Torbay,TLK42,2362,2282,2327,321,287,1363,356,45,45,80,885,828,57,805,251,468,86
itl321:Devon CC,TLK43,14948,15409,15722,2202,1776,8913,2831,313,313,-461,5093,4731,362,5554,1836,3185,533
itl321:Isle of Anglesey,TLL11,1144,1162,1184,155,103,755,172,22,22,-18,450,414,35,468,145,273,50
itl321:Gwynedd,TLL12,1857,1893,1929,256,196,1179,298,37,37,-36,700,641,58,735,227,423,85
itl321:Conwy and Denbighshire,TLL13,3537,3517,3576,415,313,2285,564,60,60,21,1403,1300,103,1382,437,797,149
itl321:South West Wales,TLL14,6065,6090,6201,771,566,3884,981,111,111,-25,2444,2254,190,2469,754,1444,272
itl321:Central Valleys,TLL15,4390,4629,4684,378,378,3389,538,54,54,-240,1709,1576,133,1949,598,1156,195
itl321:Gwent Valleys,TLL16,5018,5348,5412,443,355,3983,630,64,64,-330,1960,1805,155,2290,677,1387,227
itl321:Bridgend and Neath Port Talbot,TLL17,4460,4596,4659,438,305,3374,541,63,63,-136,1792,1660,132,1928,609,1126,193
itl321:Swansea,TLL18,3724,3884,3941,393,295,2703,550,56,56,-161,1461,1348,113,1621,499,957,165
itl321:Monmouthshire and Newport,TLL21,4289,4720,4795,523,335,3275,661,75,75,-430,1477,1354,123,1907,697,1037,173
itl321:Cardiff and Vale of Glamorgan,TLL22,8313,9461,9614,1066,735,6417,1396,153,153,-1148,2695,2469,226,3843,1268,2246,329
itl321:Flintshire and Wrexham,TLL23,5013,5474,5547,505,343,3938,760,73,73,-461,1740,1594,146,2202,779,1216,207
itl321:Powys,TLL24,2251,2192,2236,305,276,1224,431,44,44,58,869,799,69,810,257,455,98
itl321:Aberdeen City and Aberdeenshire,TLM50,10074,12524,12724,1391,688,8883,1762,200,200,-2450,2480,2261,220,4930,2105,2500,325
"itl321:Caithness and Sutherland, and Ross and Cromarty",TLM61,1699,1861,1898,255,145,1229,270,37,37,-162,534,494,41,697,237,398,61
"itl321:Inverness and Nairn, Moray, and Badenoch and Strathspey",TLM62,3682,4106,4178,499,293,2812,573,72,72,-425,1170,1081,89,1595,537,925,132
"itl321:Lochaber, Skye and Lochalsh, Arran and Cumbrae, and Argyll and Bute",TLM63,1728,1720,1752,224,209,1041,278,32,32,8,621,579,42,613,201,347,64
itl321:Na h-Eileanan Siar,TLM64,444,468,475,45,42,316,71,7,7,-25,156,144,12,180,55,108,18
itl321:Orkney Islands,TLM65,389,452,460,55,34,283,88,8,8,-63,116,106,10,179,47,118,15
itl321:Shetland Islands,TLM66,452,546,555,58,47,384,65,8,8,-94,112,101,11,206,72,119,15
itl321:Angus and Dundee City,TLM71,4381,4662,4727,448,340,3317,621,64,64,-281,1545,1442,103,1826,594,1070,161
itl321:Clackmannanshire and Fife,TLM72,7265,7907,8022,805,488,5730,999,116,116,-642,2573,2399,174,3215,1098,1852,265
itl321:East Lothian and Midlothian,TLM73,3843,4436,4510,515,312,3068,614,74,74,-593,1134,1050,84,1727,668,935,125
itl321:City of Edinburgh,TLM75,11140,13368,13585,1510,1219,8762,2095,217,217,-2228,2736,2534,202,4964,2043,2605,317
itl321:Falkirk,TLM76,2732,3134,3170,251,196,2362,361,36,36,-402,872,806,67,1274,441,733,101
"itl321:Perth and Kinross, and Stirling",TLM77,4765,5318,5401,578,407,3545,871,83,83,-554,1517,1411,106,2071,827,1084,160
itl321:West Lothian,TLM78,3149,3713,3758,317,213,2797,431,46,46,-564,963,888,75,1527,524,891,112
"itl321:East Dunbartonshire, West Dunbartonshire, and Helensburgh and Lomond",TLM81,4312,4782,4861,548,285,3366,663,79,79,-470,1441,1348,94,1911,708,1062,141
itl321:Glasgow City,TLM82,9749,11038,11173,937,901,7962,1373,135,135,-1289,3114,2901,213,4402,1429,2625,349
"itl321:Inverclyde, East Renfrewshire, and Renfrewshire",TLM83,6483,7243,7361,821,387,5194,959,118,118,-760,2111,1968,143,2871,1069,1584,217
itl321:North Lanarkshire,TLM84,5528,6315,6384,485,381,4831,688,70,70,-786,1757,1625,132,2543,839,1502,203
itl321:Scottish Borders,TLM91,2155,2275,2314,271,193,1452,398,39,39,-120,744,693,50,864,306,482,75
itl321:Dumfries and Galloway,TLM92,2581,2634,2675,285,235,1681,475,41,41,-53,979,915,64,1032,302,633,97
itl321:East Ayrshire and North Ayrshire mainland,TLM93,4013,4289,4341,359,280,3179,523,52,52,-276,1485,1385,100,1761,568,1040,154
itl321:South Ayrshire,TLM94,2032,2120,2157,259,132,1461,305,37,37,-88,744,697,47,831,294,465,72
itl321:South Lanarkshire,TLM95,5648,6467,6558,630,408,4688,832,91,91,-819,1797,1667,130,2616,902,1516,198
itl321:Belfast,TLN06,5309,5666,5712,513,600,3882,717,46,46,-357,1850,1686,164,2207,685,1289,233
"itl321:Armagh City, Banbridge and Craigavon",TLN07,3303,3708,3741,357,376,2475,532,32,32,-405,1032,914,118,1437,433,846,158
"itl321:Newry, Mourne and Down",TLN08,2742,2960,2990,332,392,1813,452,30,30,-218,890,792,98,1108,314,661,132
itl321:Ards and North Down,TLN09,2782,2936,2969,369,288,1867,445,33,33,-154,1002,911,91,1155,367,664,124
itl321:Derry City and Strabane,TLN0A,2164,2158,2177,211,247,1424,295,19,19,6,824,749,75,818,233,480,104
itl321:Mid Ulster,TLN0B,2328,2567,2589,241,329,1594,425,22,22,-239,686,603,83,925,260,554,111
itl321:Causeway Coast and Glens,TLN0C,2309,2359,2385,290,290,1443,363,26,26,-50,782,702,80,832,253,470,109
itl321:Antrim and Newtownabbey,TLN0D,2327,2602,2627,279,201,1806,340,25,25,-275,761,682,79,1036,312,618,107
itl321:Lisburn and Castlereagh,TLN0E,2592,3006,3037,344,232,2052,410,31,31,-414,757,673,84,1171,400,659,112
itl321:Mid and East Antrim,TLN0F,2338,2534,2558,262,218,1727,351,24,24,-197,761,682,79,958,293,557,107
itl321:Fermanagh and Omagh,TLN0G,1763,1868,1886,199,244,1134,310,18,18,-106,602,537,65,708,194,426,88
lacu:Darlington,E06000005,1766,1905,1933,200,132,1342,259,28,28,-138,628,578,50,767,255,440,72
lacu:County Durham,E06000047,8108,8697,8805,758,603,6257,1187,108,108,-589,3083,2842,241,3672,1205,2113,354
lacu:Hartlepool,E06000001,1410,1407,1427,143,98,1031,155,20,20,3,570,527,43,568,192,313,62
lacu:Middlesbrough,E06000002,2074,2121,2149,202,145,1498,304,29,29,-47,837,776,61,884,271,522,91
lacu:Northumberland,E06000057,5991,6071,6171,697,475,4003,996,100,100,-80,2252,2091,161,2332,839,1263,230
lacu:Redcar and Cleveland,E06000003,2124,2183,2216,229,142,1569,275,33,33,-59,869,808,60,928,293,548,87
lacu:Stockton-on-Tees,E06000004,3179,3521,3571,353,223,2529,466,50,50,-342,1068,978,90,1410,502,777,131
lacu:Gateshead,E08000037,3007,3326,3370,310,217,2507,336,44,44,-318,1115,1027,88,1433,463,841,129
lacu:Newcastle upon Tyne,E08000021,4559,5098,5167,481,419,3461,806,68,68,-539,1485,1357,128,2024,683,1145,196
lacu:North Tyneside,E08000022,3384,3835,3897,441,241,2785,431,63,63,-451,1151,1063,88,1602,528,944,129
lacu:South Tyneside,E08000023,2321,2410,2443,227,143,1753,319,32,32,-89,899,835,65,988,315,579,95
lacu:Sunderland,E08000024,4215,4455,4511,396,288,3276,551,56,56,-240,1622,1502,120,1861,556,1127,179
lacu:Blackburn with Darwen,E06000008,1949,2011,2040,190,168,1378,304,29,29,-62,759,708,51,820,233,509,79
lacu:Blackpool,E06000009,2186,2160,2197,247,222,1437,292,38,38,27,862,812,50,836,231,525,80
lacu:Cheshire East,E06000049,8609,9739,9920,1181,648,6349,1741,181,181,-1129,2464,2293,171,3593,1597,1745,251
lacu:Cheshire West and Chester,E06000050,6889,7675,7818,928,511,5238,1140,142,142,-787,2105,1959,147,2892,1152,1522,218
lacu:Halton,E06000006,2105,2353,2385,214,131,1763,277,33,33,-247,722,674,47,969,350,545,74
lacu:Warrington,E06000007,3996,4756,4830,483,282,3402,663,74,74,-760,1096,1008,88,1856,711,1013,131
lacu:Cumbria,E10000006,9295,9916,10107,1245,708,6573,1582,191,191,-621,3157,2946,210,3778,1319,2141,319
lacu:Bolton,E08000001,4532,4847,4914,440,386,3323,765,67,67,-316,1561,1455,106,1876,621,1092,163
lacu:Bury,E08000002,3381,3889,3950,398,292,2590,671,61,61,-508,1000,930,70,1508,506,896,106
lacu:Manchester,E08000003,7884,9058,9194,887,954,6220,1133,136,136,-1174,2285,2114,171,3459,1029,2150,280
lacu:Oldham,E08000004,3314,3534,3584,331,295,2531,427,51,51,-220,1204,1120,84,1424,451,844,129
lacu:Rochdale,E08000005,3217,3444,3494,325,288,2496,385,50,50,-227,1176,1096,79,1403,447,833,123
lacu:Salford,E08000006,4286,4850,4921,462,394,3326,739,71,71,-564,1264,1167,97,1828,684,995,149
lacu:Stockport,E08000007,5763,6656,6779,799,486,4406,1087,122,122,-893,1676,1561,115,2569,963,1434,173
lacu:Tameside,E08000008,3487,3801,3860,387,299,2813,361,59,59,-314,1197,1109,88,1510,487,889,135
lacu:Trafford,E08000009,5012,6382,6494,731,439,4324,1000,112,112,-1370,1248,1158,90,2619,1163,1322,134
lacu:Wigan,E08000010,5073,5712,5796,554,434,4139,670,85,85,-639,1699,1575,124,2338,743,1405,190
lacu:Lancashire,E10000017,20568,22258,22640,2498,1710,14997,3436,383,383,-1689,7064,6586,478,8754,3016,5009,729
lacu:Knowsley,E08000011,2311,2402,2434,215,182,1788,250,33,33,-90,862,807,55,953,316,551,86
lacu:Liverpool,E08000012,7308,7948,8059,726,671,5737,925,111,111,-640,2570,2413,156,3209,1027,1920,262
lacu:Sefton,E08000014,4930,5173,5268,619,413,3533,702,95,95,-243,1800,1695,105,2043,700,1179,163
lacu:St. Helens,E08000013,2845,3036,3082,301,208,2236,337,46,46,-191,1037,969,68,1228,428,696,103
lacu:Wirral,E08000015,5646,5866,5971,689,442,4089,751,105,105,-220,2082,1958,124,2302,837,1274,191
lacu:East Riding of Yorkshire,E06000011,6234,6691,6821,793,526,4446,1056,131,131,-457,2134,1980,154,2590,968,1395,228
"lacu:Kingston upon Hull, City of",E06000010,3584,3909,3959,306,297,2916,440,50,50,-325,1265,1171,94,1590,444,999,147
lacu:North East Lincolnshire,E06000012,2514,2630,2674,266,188,1851,370,44,44,-116,908,842,66,1024,341,584,99
lacu:North Lincolnshire,E06000013,2657,2936,2982,277,197,2144,363,45,45,-279,930,859,71,1209,406,697,107
lacu:York,E06000014,3805,4428,4519,553,360,2968,637,91,91,-623,1129,1043,86,1752,648,973,132
lacu:North Yorkshire,E10000023,12587,13739,14022,1725,1207,8495,2596,284,284,-1151,3967,3678,288,5118,2021,2677,420
lacu:Barnsley,E08000016,3764,4031,4088,349,348,2925,466,57,57,-266,1384,1284,100,1650,530,969,151
lacu:Doncaster,E08000017,4925,5271,5347,463,409,3665,810,76,76,-346,1698,1572,126,2044,648,1206,190
lacu:Rotherham,E08000018,4183,4440,4503,389,372,3147,596,64,64,-256,1526,1419,107,1782,579,1042,161
lacu:Sheffield,E08000019,8623,9569,9716,898,861,6709,1248,147,147,-947,2881,2666,215,3827,1254,2237,336
lacu:Bradford,E08000032,7748,8175,8301,766,716,5613,1206,125,125,-428,2785,2589,196,3213,1038,1880,295
lacu:Calderdale,E08000033,3541,3943,4000,348,317,2688,647,57,57,-402,1172,1088,85,1574,542,906,126
lacu:Kirklees,E08000034,6807,7569,7689,733,616,5226,1114,120,120,-762,2296,2122,175,3059,1034,1762,263
lacu:Leeds,E08000035,13474,15657,15898,1476,1292,10943,2187,242,242,-2182,3975,3665,310,6157,2122,3565,471
lacu:Wakefield,E08000036,5571,6059,6150,552,431,4354,812,90,90,-488,1893,1753,140,2381,755,1415,211
lacu:Derby,E06000015,3949,4509,4571,373,309,3326,562,62,62,-561,1306,1205,101,1866,610,1105,152
lacu:Leicester,E06000016,4642,5206,5282,457,417,3695,713,76,76,-564,1458,1334,124,2022,588,1241,193
lacu:Nottingham,E06000018,4215,4693,4755,372,433,3363,587,62,62,-478,1465,1356,110,1944,623,1143,178
lacu:Rutland,E06000017,878,944,962,105,83,587,186,17,17,-66,289,271,19,356,155,175,26
lacu:Derbyshire,E10000007,13874,15746,15994,1500,1177,11035,2283,249,249,-1872,4564,4208,356,6436,2394,3516,526
lacu:Leicestershire,E10000018,12735,14511,14770,1563,1125,9784,2298,259,259,-1776,3722,3403,319,5497,2072,2960,465
lacu:Lincolnshire,E10000019,12951,13738,13975,1419,1151,9324,2080,237,237,-788,4552,4217,336,5340,1839,3004,497
lacu:Nottinghamshire,E10000024,14274,15891,16142,1511,1212,11171,2248,250,250,-1617,4791,4435,357,6408,2395,3485,528
lacu:North Northamptonshire,E06000061,6321,7329,7443,690,589,5152,1013,114,114,-1008,1819,1664,156,2827,1038,1565,224
lacu:West Northamptonshire,E06000062,8171,9759,9922,988,873,6658,1403,164,164,-1587,2110,1920,190,3697,1470,1958,270
"lacu:Herefordshire, County of",E06000019,3587,3768,3846,488,401,2253,704,78,78,-181,1169,1081,88,1350,488,733,129
lacu:Shropshire,E06000051,6007,6502,6627,787,603,4106,1132,126,126,-495,1963,1819,144,2458,965,1280,213
lacu:Stoke-on-Trent,E06000021,3621,3915,3962,295,308,2908,451,47,47,-294,1281,1185,95,1575,487,941,147
lacu:Telford and Wrekin,E06000020,2849,3193,3240,291,240,2283,426,46,46,-344,942,870,72,1286,425,754,107
lacu:Staffordshire,E10000028,15641,17697,17982,1789,1315,12144,2734,285,285,-2056,4977,4597,380,7032,2525,3941,566
lacu:Warwickshire,E10000031,12189,14254,14506,1581,982,9529,2414,252,252,-2065,3269,3006,263,5334,2217,2735,382
lacu:Birmingham,E08000025,16413,17785,18044,1627,1581,12544,2292,259,259,-1372,5574,5179,395,6946,2285,4051,610
lacu:Coventry,E08000026,5284,6091,6183,581,450,4382,770,92,92,-806,1646,1514,131,2452,773,1475,205
lacu:Dudley,E08000027,4965,5483,5568,531,438,3888,710,85,85,-518,1695,1566,129,2213,717,1302,195
lacu:Sandwell,E08000028,4426,4693,4756,398,375,3486,497,63,63,-267,1542,1425,117,1809,556,1074,179
lacu:Solihull,E08000029,4653,5409,5509,625,342,3795,747,100,100,-757,1385,1289,96,2142,956,1046,140
lacu:Walsall,E08000030,4119,4410,4473,394,371,3116,591,63,63,-291,1488,1382,106,1779,556,1062,161
lacu:Wolverhampton,E08000031,3750,4031,4086,343,307,2942,494,55,55,-282,1327,1231,96,1609,517,945,148
lacu:Worcestershire,E10000034,11610,12912,13153,1517,1135,8481,2021,242,242,-1302,3570,3297,273,4872,1881,2593,398
lacu:Bedford,E06000055,3488,4127,4190,425,351,2830,583,64,64,-639,953,879,74,1592,610,874,108
lacu:Central Bedfordshire,E06000056,5858,7224,7341,788,642,4923,989,118,118,-1366,1468,1340,129,2834,1166,1483,185
lacu:Luton,E06000032,3477,3989,4050,415,479,2704,452,62,62,-511,947,868,79,1458,475,865,118
lacu:Peterborough,E06000031,3395,3879,3924,301,324,2817,482,45,45,-484,973,893,80,1457,540,800,118
lacu:Southend-on-Sea,E06000033,3543,4144,4218,490,406,2744,577,73,73,-602,1007,933,74,1609,623,875,111
lacu:Thurrock,E06000034,3107,3707,3765,390,421,2581,374,58,58,-600,744,672,71,1343,508,732,103
lacu:Cambridgeshire,E10000003,13950,17114,17391,1850,1419,11649,2472,277,277,-3165,3504,3213,291,6669,2875,3368,425
lacu:Essex,E10000012,31178,36780,37429,4351,3488,24069,5522,649,649,-5602,8442,7782,659,14043,6049,7031,963
lacu:Hertfordshire,E10000015,29166,36416,37031,4117,3091,24231,5592,614,614,-7250,6470,5924,546,13720,6631,6308,781
lacu:Norfolk,E10000020,15746,16543,16843,2000,1676,10523,2643,300,300,-797,5446,5061,385,6243,2168,3497,578
lacu:Suffolk,E10000029,14134,15596,15860,1766,1484,10119,2491,264,264,-1462,4504,4171,333,5966,2225,3249,492
lacu:Camden,E09000007,10467,13646,13802,1443,1844,7273,3242,156,156,-3179,1114,1032,82,4293,2506,1651,136
lacu:City of London,E09000001,1669,2311,2325,130,379,1292,524,14,14,-641,78,75,3,719,523,192,4
lacu:Hackney,E09000012,6524,8199,8299,920,1142,5070,1167,100,100,-1675,1196,1120,76,2871,1182,1559,130
lacu:Hammersmith and Fulham,E09000013,7469,10260,10401,1296,962,6438,1706,140,140,-2791,786,716,70,3577,2152,1315,110
lacu:Haringey,E09000014,7552,8999,9127,1183,1386,5150,1407,128,128,-1446,1266,1187,79,2712,1255,1324,133
lacu:Islington,E09000019,7172,9800,9911,1027,1121,6385,1379,111,111,-2628,996,924,71,3623,1866,1634,123
lacu:Kensington and Chelsea,E09000020,12418,17175,17446,2496,1624,8978,4347,270,270,-4757,826,766,60,5583,3846,1645,92
lacu:Lambeth,E09000022,8872,11971,12111,1287,1378,8029,1416,139,139,-3099,1263,1167,97,4362,2015,2182,165
lacu:Lewisham,E09000023,6632,8231,8343,1035,1059,5347,902,112,112,-1598,1291,1203,88,2889,1191,1550,147
lacu:Newham,E09000025,6415,7481,7577,882,1516,4566,613,95,95,-1066,1246,1152,94,2312,777,1374,161
lacu:Southwark,E09000028,8121,11015,11135,1106,1176,7336,1517,120,120,-2895,1192,1098,94,4086,1877,2050,160
lacu:Tower Hamlets,E09000030,7826,10684,10792,1001,1144,7401,1246,108,108,-2857,1128,1044,84,3985,2080,1760,146
lacu:Wandsworth,E09000032,12124,17082,17306,2066,1604,11143,2493,224,224,-4958,1329,1219,110,6286,3597,2512,178
lacu:Westminster,E09000033,13190,17968,18263,2724,2133,10154,3252,295,295,-4777,1267,1181,86,6045,4066,1840,139
lacu:Barking and Dagenham,E09000002,3458,3892,3938,422,754,2538,224,46,46,-434,902,834,68,1336,429,798,109
lacu:Barnet,E09000003,10979,13327,13530,1881,1747,7457,2446,204,204,-2348,1915,1780,135,4263,2122,1930,211
lacu:Bexley,E09000004,5131,6142,6226,780,594,4143,710,84,84,-1011,1240,1157,83,2251,944,1179,127
lacu:Brent,E09000005,7921,9283,9418,1242,1546,5511,1118,135,135,-1362,1494,1392,102,2857,1156,1534,166
lacu:Bromley,E09000006,8669,10789,10944,1430,955,7071,1489,155,155,-2120,1936,1811,125,4056,1994,1871,191
lacu:Croydon,E09000008,8327,9974,10115,1305,1143,6476,1190,141,141,-1647,1942,1813,129,3589,1439,1946,203
lacu:Ealing,E09000009,8936,11284,11438,1422,1438,7250,1328,154,154,-2348,1634,1519,115,3982,1871,1930,181
lacu:Enfield,E09000010,7174,7962,8090,1181,1099,4680,1129,128,128,-788,1813,1703,111,2601,1028,1400,173
lacu:Greenwich,E09000011,6220,8145,8237,858,896,5627,856,93,93,-1924,1228,1135,93,3152,1433,1567,152
lacu:Harrow,E09000015,6585,7839,7958,1104,1140,4394,1321,120,120,-1253,1217,1128,88,2470,1060,1274,136
lacu:Havering,E09000016,5586,6792,6883,835,730,4358,960,90,90,-1206,1330,1240,90,2536,984,1416,136
lacu:Hillingdon,E09000017,6291,7597,7708,1028,813,5054,813,111,111,-1306,1437,1330,106,2742,1100,1475,167
lacu:Hounslow,E09000018,6372,8073,8159,800,972,5386,1001,87,87,-1701,1125,1028,97,2826,1391,1283,152
lacu:Kingston upon Thames,E09000021,4444,5905,5991,788,563,3816,823,85,85,-1461,782,720,63,2243,1119,1026,98
lacu:Merton,E09000024,6097,8213,8313,927,874,5307,1205,100,100,-2116,970,896,73,3086,1551,1420,116
lacu:Redbridge,E09000026,6621,8006,8123,1080,1131,4769,1143,117,117,-1385,1294,1198,97,2679,1080,1446,153
lacu:Richmond upon Thames,E09000027,7481,10674,10815,1307,834,6889,1785,141,141,-3193,1067,995,71,4260,2561,1591,108
lacu:Sutton,E09000029,4578,5558,5634,701,605,3581,746,76,76,-979,974,901,72,1953,855,987,111
lacu:Waltham Forest,E09000031,5995,7268,7373,973,1234,4519,647,105,105,-1273,1163,1075,89,2436,899,1394,143
lacu:Bracknell Forest,E06000036,2591,3371,3419,389,268,2435,326,48,48,-780,558,508,50,1338,603,661,75
lacu:Brighton and Hove,E06000043,6287,7486,7621,1106,1015,4376,1124,135,135,-1199,1334,1235,99,2532,937,1432,162
lacu:Isle of Wight,E06000046,2439,2354,2399,369,274,1386,370,45,45,85,941,884,57,856,301,467,88
lacu:Medway,E06000035,5082,5886,5974,719,641,3954,659,88,88,-804,1398,1292,106,2203,785,1256,161
lacu:Milton Keynes,E06000042,5492,6755,6841,703,515,4746,877,86,86,-1263,1303,1198,104,2566,1024,1387,155
lacu:Portsmouth,E06000044,3422,3841,3894,434,464,2550,447,53,53,-420,1009,936,72,1428,463,848,117
lacu:Reading,E06000038,3490,4337,4400,509,384,3086,420,62,62,-847,783,715,68,1630,695,832,103
lacu:Slough,E06000039,2655,3166,3215,402,348,2219,246,49,49,-511,605,546,59,1116,434,593,89
lacu:Southampton,E06000045,4116,4876,4937,498,542,3316,582,61,61,-760,1083,995,87,1842,594,1108,140
lacu:West Berkshire,E06000037,3960,4862,4932,572,386,3209,766,70,70,-902,911,844,67,1813,861,856,96
lacu:Windsor and Maidenhead,E06000040,4598,6029,6124,782,419,3926,998,96,96,-1431,872,809,63,2304,1204,1009,91
lacu:Wokingham,E06000041,4333,5677,5766,721,349,3863,832,88,88,-1345,899,830,69,2244,1098,1047,99
lacu:Buckinghamshire,E06000060,14420,17884,18145,2131,1421,11547,3045,261,261,-3464,3374,3136,238,6837,3417,3076,344
lacu:East Sussex,E10000011,11632,12565,12783,1782,1414,7457,2130,218,218,-933,3754,3529,224,4687,1976,2368,343
lacu:Hampshire,E10000014,30752,36179,36743,4612,2915,24001,5215,564,564,-5427,8458,7869,588,13885,6041,6970,874
lacu:Kent,E10000016,32287,37122,37709,4795,3535,23883,5496,587,587,-4835,9105,8482,623,13939,5920,7079,941
lacu:Oxfordshire,E10000025,16201,19836,20143,2510,1766,12932,2935,307,307,-3635,3732,3449,283,7367,3256,3687,424
lacu:Surrey,E10000030,33742,42400,43078,5541,3204,27378,6954,678,678,-8658,7448,6921,526,16106,8388,6950,767
lacu:West Sussex,E10000032,19091,21477,21854,3087,2034,13531,3202,378,378,-2386,5443,5087,356,7829,3283,4011,535
lacu:Bath and North East Somerset,E06000022,4034,4604,4689,601,455,2784,849,85,85,-569,1073,984,89,1642,652,859,131
"lacu:Bristol, City of",E06000023,8669,10362,10521,1125,1149,6852,1395,159,159,-1693,2138,1950,188,3831,1356,2191,283
lacu:Cornwall,E06000052,9879,9866,10074,1463,1274,5633,1704,208,208,13,3495,3242,254,3483,1104,2004,374
lacu:Isles of Scilly,E06000053,49,49,50,11,9,23,7,2,2,0,15,14,1,15,5,9,2
lacu:North Somerset,E06000024,4496,4829,4911,576,425,3095,815,82,82,-333,1456,1357,99,1789,685,964,139
lacu:Plymouth,E06000026,4215,4495,4557,439,407,3144,567,62,62,-280,1506,1402,104,1786,535,1091,160
"lacu:Bournemouth, Christchurch and Poole",E06000058,7822,8626,8796,1197,942,5395,1262,170,170,-804,2349,2174,176,3154,1153,1740,261
lacu:South Gloucestershire,E06000025,5583,6704,6809,747,554,4514,994,106,106,-1120,1430,1301,129,2550,946,1415,189
lacu:Swindon,E06000030,4126,5068,5138,495,402,3677,564,70,70,-941,1039,942,97,1980,744,1096,141
lacu:Torbay,E06000027,2362,2282,2327,321,287,1363,356,45,45,80,885,828,57,805,251,468,86
lacu:Wiltshire,E06000054,10301,11748,11932,1299,1044,7655,1934,184,184,-1447,3077,2840,237,4525,1781,2404,339
lacu:Devon,E10000008,14948,15409,15722,2202,1776,8913,2831,313,313,-461,5093,4731,362,5554,1836,3185,533
lacu:Dorset,E06000059,7657,7764,7937,1216,814,4557,1349,173,173,-107,2741,2562,179,2848,1043,1544,261
lacu:Gloucestershire,E10000013,12884,14474,14716,1708,1343,9321,2344,242,242,-1590,3829,3532,297,5419,2145,2845,429
lacu:Somerset,E10000027,10506,11038,11226,1324,1155,6933,1815,188,188,-532,3530,3269,261,4062,1446,2238,379
lacu:Isle of Anglesey,W06000001,1144,1162,1184,155,103,755,172,22,22,-18,450,414,35,468,145,273,50
lacu:Gwynedd,W06000002,1857,1893,1929,256,196,1179,298,37,37,-36,700,641,58,735,227,423,85
lacu:Conwy,W06000003,1949,1911,1947,251,176,1222,298,36,36,38,781,723,58,743,235,426,82
lacu:Denbighshire,W06000004,1589,1606,1630,164,137,1063,266,24,24,-18,622,576,46,640,202,371,67
lacu:Flintshire,W06000005,2703,2985,3026,289,184,2194,360,41,41,-282,950,871,79,1232,444,678,110
lacu:Wrexham,W06000006,2310,2489,2520,217,160,1744,400,31,31,-179,790,723,68,970,336,538,96
lacu:Powys,W06000023,2251,2192,2236,305,276,1224,431,44,44,58,869,799,69,810,257,455,98
lacu:Ceredigion,W06000008,1112,1100,1125,179,127,633,186,26,26,12,428,391,37,416,131,232,53
lacu:Pembrokeshire,W06000009,2018,1975,2015,276,190,1214,336,40,40,43,808,747,61,766,237,441,87
lacu:Carmarthenshire,W06000010,2935,3016,3061,316,248,2037,459,46,46,-80,1207,1116,91,1288,385,771,132
lacu:Swansea,W06000011,3724,3884,3941,393,295,2703,550,56,56,-161,1461,1348,113,1621,499,957,165
lacu:Neath Port Talbot,W06000012,2233,2162,2188,181,138,1612,258,26,26,71,988,922,66,917,285,536,96
lacu:Bridgend,W06000013,2226,2434,2470,257,168,1763,283,37,37,-207,804,737,66,1011,324,590,97
lacu:Vale of Glamorgan,W06000014,2467,2706,2755,340,200,1762,453,49,49,-240,835,775,60,1075,375,616,84
lacu:Cardiff,W06000015,5846,6754,6859,725,535,4655,943,104,104,-909,1860,1694,166,2769,894,1630,245
lacu:Rhondda Cynon Taff,W06000016,3509,3703,3748,315,309,2712,412,45,45,-194,1366,1260,106,1560,483,921,156
lacu:Merthyr Tydfil,W06000024,881,927,936,62,69,677,127,9,9,-46,343,316,27,389,115,235,39
lacu:Caerphilly,W06000018,2730,2905,2941,249,191,2125,376,36,36,-175,1044,963,82,1219,358,742,119
lacu:Blaenau Gwent,W06000019,905,934,943,63,69,743,68,9,9,-29,394,362,32,422,122,254,47
lacu:Torfaen,W06000020,1383,1509,1528,132,96,1115,186,19,19,-126,522,481,42,649,197,391,61
lacu:Monmouthshire,W06000021,1877,2078,2115,257,154,1299,404,37,37,-201,607,558,48,807,322,419,66
lacu:Newport,W06000022,2412,2642,2680,266,181,1975,257,38,38,-230,870,796,74,1100,375,618,107
lacu:Aberdeen City,S12000033,4581,5778,5860,570,305,4235,751,82,82,-1197,1151,1046,105,2348,1006,1184,158
lacu:Aberdeenshire,S12000034,5493,6746,6864,821,384,4648,1011,118,118,-1253,1329,1214,115,2582,1099,1316,168
lacu:Angus,S12000041,2166,2342,2380,264,143,1577,396,38,38,-176,698,652,45,874,298,507,68
lacu:Argyll and Bute,S12000035,1524,1514,1540,181,159,980,220,26,26,10,594,557,37,584,207,321,56
lacu:Clackmannanshire,S12000005,956,959,970,79,56,729,106,11,11,-3,406,385,21,409,141,236,32
lacu:Dumfries and Galloway,S12000006,2581,2634,2675,285,235,1681,475,41,41,-53,979,915,64,1032,302,633,97
lacu:Dundee City,S12000042,2216,2320,2346,184,197,1740,226,26,26,-104,847,789,58,952,296,563,93
lacu:East Ayrshire,S12000008,1989,2155,2180,176,151,1556,298,25,25,-166,694,646,48,860,275,510,75
lacu:East Dunbartonshire,S12000045,2453,2820,2875,383,164,1825,504,55,55,-367,703,658,45,1070,421,582,67
lacu:East Lothian,S12000010,2183,2507,2547,281,183,1674,410,40,40,-324,639,594,45,963,387,509,67
lacu:East Renfrewshire,S12000011,2167,2533,2586,363,131,1563,528,52,52,-366,547,510,38,914,370,487,57
lacu:City of Edinburgh,S12000036,11140,13368,13585,1510,1219,8762,2095,217,217,-2228,2736,2534,202,4964,2043,2605,317
lacu:Na h-Eileanan Siar,S12000013,444,468,475,45,42,316,71,7,7,-25,156,144,12,180,55,108,18
lacu:Falkirk,S12000014,2732,3134,3170,251,196,2362,361,36,36,-402,872,806,67,1274,441,733,101
lacu:Fife,S12000047,6309,6948,7052,726,432,5001,893,104,104,-639,2167,2013,153,2805,957,1616,232
lacu:Glasgow City,S12000049,9749,11038,11173,937,901,7962,1373,135,135,-1289,3114,2901,213,4402,1429,2625,349
lacu:Highland,S12000017,4333,4735,4827,640,381,3130,677,92,92,-402,1379,1278,102,1782,596,1032,154
lacu:Inverclyde,S12000018,1302,1338,1353,109,72,1036,137,16,16,-35,522,490,33,558,201,307,49
lacu:Midlothian,S12000019,1660,1929,1963,235,129,1394,205,34,34,-269,495,456,39,764,281,426,57
lacu:Moray,S12000020,1618,1836,1866,204,131,1280,251,29,29,-218,505,464,42,724,246,415,62
lacu:North Ayrshire,S12000021,2146,2238,2265,191,141,1671,262,28,28,-92,837,783,54,929,301,545,83
lacu:North Lanarkshire,S12000050,5528,6315,6384,485,381,4831,688,70,70,-786,1757,1625,132,2543,839,1502,203
lacu:Orkney Islands,S12000023,389,452,460,55,34,283,88,8,8,-63,116,106,10,179,47,118,15
lacu:Perth and Kinross,S12000048,2926,3232,3288,387,253,2130,517,56,56,-307,923,858,65,1230,485,648,97
lacu:Renfrewshire,S12000038,3013,3372,3422,348,184,2595,294,50,50,-359,1041,968,73,1400,498,790,111
lacu:Scottish Borders,S12000026,2155,2275,2314,271,193,1452,398,39,39,-120,744,693,50,864,306,482,75
lacu:Shetland Islands,S12000027,452,546,555,58,47,384,65,8,8,-94,112,101,11,206,72,119,15
lacu:South Ayrshire,S12000028,2032,2120,2157,259,132,1461,305,37,37,-88,744,697,47,831,294,465,72
lacu:South Lanarkshire,S12000029,5648,6467,6558,630,408,4688,832,91,91,-819,1797,1667,130,2616,902,1516,198
lacu:Stirling,S12000030,1839,2086,2113,191,154,1415,353,28,28,-247,594,554,41,841,342,437,62
lacu:West Dunbartonshire,S12000039,1371,1460,1476,111,86,1185,95,16,16,-89,540,502,37,629,204,367,57
lacu:West Lothian,S12000040,3149,3713,3758,317,213,2797,431,46,46,-564,963,888,75,1527,524,891,112
lacu:Antrim and Newtownabbey,N09000001,2327,2602,2627,279,201,1806,340,25,25,-275,761,682,79,1036,312,618,107
"lacu:Armagh City, Banbridge and Craigavon",N09000002,3303,3708,3741,357,376,2475,532,32,32,-405,1032,914,118,1437,433,846,158
lacu:Belfast,N09000003,5309,5666,5712,513,600,3882,717,46,46,-357,1850,1686,164,2207,685,1289,233
lacu:Causeway Coast and Glens,N09000004,2309,2359,2385,290,290,1443,363,26,26,-50,782,702,80,832,253,470,109
lacu:Derry City and Strabane,N09000005,2164,2158,2177,211,247,1424,295,19,19,6,824,749,75,818,233,480,104
lacu:Fermanagh and Omagh,N09000006,1763,1868,1886,199,244,1134,310,18,18,-106,602,537,65,708,194,426,88
lacu:Lisburn and Castlereagh,N09000007,2592,3006,3037,344,232,2052,410,31,31,-414,757,673,84,1171,400,659,112
lacu:Mid and East Antrim,N09000008,2338,2534,2558,262,218,1727,351,24,24,-197,761,682,79,958,293,557,107
lacu:Mid Ulster,N09000009,2328,2567,2589,241,329,1594,425,22,22,-239,686,603,83,925,260,554,111
"lacu:Newry, Mourne and Down",N09000010,2742,2960,2990,332,392,1813,452,30,30,-218,890,792,98,1108,314,661,132
lacu:Ards and North Down,N09000011,2782,2936,2969,369,288,1867,445,33,33,-154,1002,911,91,1155,367,664,124
ladu:Darlington,E06000005,1766,1905,1933,200,132,1342,259,28,28,-138,628,578,50,767,255,440,72
ladu:County Durham,E06000047,8108,8697,8805,758,603,6257,1187,108,108,-589,3083,2842,241,3672,1205,2113,354
ladu:Hartlepool,E06000001,1410,1407,1427,143,98,1031,155,20,20,3,570,527,43,568,192,313,62
ladu:Middlesbrough,E06000002,2074,2121,2149,202,145,1498,304,29,29,-47,837,776,61,884,271,522,91
ladu:Northumberland,E06000057,5991,6071,6171,697,475,4003,996,100,100,-80,2252,2091,161,2332,839,1263,230
ladu:Redcar and Cleveland,E06000003,2124,2183,2216,229,142,1569,275,33,33,-59,869,808,60,928,293,548,87
ladu:Stockton-on-Tees,E06000004,3179,3521,3571,353,223,2529,466,50,50,-342,1068,978,90,1410,502,777,131
ladu:Gateshead,E08000037,3007,3326,3370,310,217,2507,336,44,44,-318,1115,1027,88,1433,463,841,129
ladu:Newcastle upon Tyne,E08000021,4559,5098,5167,481,419,3461,806,68,68,-539,1485,1357,128,2024,683,1145,196
ladu:North Tyneside,E08000022,3384,3835,3897,441,241,2785,431,63,63,-451,1151,1063,88,1602,528,944,129
ladu:South Tyneside,E08000023,2321,2410,2443,227,143,1753,319,32,32,-89,899,835,65,988,315,579,95
ladu:Sunderland,E08000024,4215,4455,4511,396,288,3276,551,56,56,-240,1622,1502,120,1861,556,1127,179
ladu:Blackburn with Darwen,E06000008,1949,2011,2040,190,168,1378,304,29,29,-62,759,708,51,820,233,509,79
ladu:Blackpool,E06000009,2186,2160,2197,247,222,1437,292,38,38,27,862,812,50,836,231,525,80
ladu:Cheshire East,E06000049,8609,9739,9920,1181,648,6349,1741,181,181,-1129,2464,2293,171,3593,1597,1745,251
ladu:Cheshire West and Chester,E06000050,6889,7675,7818,928,511,5238,1140,142,142,-787,2105,1959,147,2892,1152,1522,218
ladu:Halton,E06000006,2105,2353,2385,214,131,1763,277,33,33,-247,722,674,47,969,350,545,74
ladu:Warrington,E06000007,3996,4756,4830,483,282,3402,663,74,74,-760,1096,1008,88,1856,711,1013,131
ladu:Allerdale,E07000026,1736,1847,1880,215,114,1230,321,33,33,-111,582,542,40,692,243,388,61
ladu:Barrow-in-Furness,E07000027,1118,1240,1259,126,61,920,153,19,19,-122,379,351,27,501,173,286,42
ladu:Carlisle,E07000028,1783,1920,1954,220,136,1409,189,34,34,-137,663,617,46,799,257,471,71
ladu:Copeland,E07000029,1207,1394,1412,120,58,1084,150,18,18,-187,431,403,28,618,219,355,43
ladu:Eden,E07000030,1047,1086,1110,157,120,635,199,24,24,-39,337,314,23,376,134,208,34
ladu:South Lakeland,E07000031,2403,2430,2493,408,219,1295,571,63,63,-27,765,719,46,792,292,433,67
ladu:Bolton,E08000001,4532,4847,4914,440,386,3323,765,67,67,-316,1561,1455,106,1876,621,1092,163
ladu:Bury,E08000002,3381,3889,3950,398,292,2590,671,61,61,-508,1000,930,70,1508,506,896,106
ladu:Manchester,E08000003,7884,9058,9194,887,954,6220,1133,136,136,-1174,2285,2114,171,3459,1029,2150,280
ladu:Oldham,E08000004,3314,3534,3584,331,295,2531,427,51,51,-220,1204,1120,84,1424,451,844,129
ladu:Rochdale,E08000005,3217,3444,3494,325,288,2496,385,50,50,-227,1176,1096,79,1403,447,833,123
ladu:Salford,E08000006,4286,4850,4921,462,394,3326,739,71,71,-564,1264,1167,97,1828,684,995,149
ladu:Stockport,E08000007,5763,6656,6779,799,486,4406,1087,122,122,-893,1676,1561,115,2569,963,1434,173
ladu:Tameside,E08000008,3487,3801,3860,387,299,2813,361,59,59,-314,1197,1109,88,1510,487,889,135
ladu:Trafford,E08000009,5012,6382,6494,731,439,4324,1000,112,112,-1370,1248,1158,90,2619,1163,1322,134
ladu:Wigan,E08000010,5073,5712,5796,554,434,4139,670,85,85,-639,1699,1575,124,2338,743,1405,190
ladu:Burnley,E07000117,1254,1324,1341,111,100,996,134,17,17,-71,491,458,33,561,173,339,50
ladu:Chorley,E07000118,2056,2296,2336,261,166,1581,328,40,40,-240,668,620,48,908,325,511,73
ladu:Fylde,E07000119,1663,1707,1745,249,129,1044,324,38,38,-44,590,557,33,634,247,340,47
ladu:Hyndburn,E07000120,1160,1225,1243,114,110,900,119,17,17,-65,445,415,30,510,156,308,46
ladu:Lancaster,E07000121,2261,2449,2495,296,206,1626,367,45,45,-189,794,738,56,982,318,575,90
ladu:Pendle,E07000122,1411,1490,1510,130,128,989,263,20,20,-79,492,458,34,571,182,337,52
ladu:Preston,E07000123,2173,2379,2417,251,182,1738,245,39,39,-206,767,711,56,973,331,553,89
ladu:Ribble Valley,E07000124,1421,1604,1633,188,107,940,398,29,29,-183,384,359,25,567,225,306,36
ladu:Rossendale,E07000125,1198,1394,1414,127,110,938,238,19,19,-197,362,335,27,559,188,330,41
ladu:South Ribble,E07000126,1901,2188,2225,246,142,1584,254,38,38,-287,632,587,45,919,320,532,68
ladu:West Lancashire,E07000127,2112,2237,2279,268,166,1440,404,41,41,-126,698,651,48,824,297,456,71
ladu:Wyre,E07000128,1959,1962,2001,255,163,1221,362,39,39,-3,741,697,44,744,256,422,66
ladu:Knowsley,E08000011,2311,2402,2434,215,182,1788,250,33,33,-90,862,807,55,953,316,551,86
ladu:Liverpool,E08000012,7308,7948,8059,726,671,5737,925,111,111,-640,2570,2413,156,3209,1027,1920,262
ladu:Sefton,E08000014,4930,5173,5268,619,413,3533,702,95,95,-243,1800,1695,105,2043,700,1179,163
ladu:St. Helens,E08000013,2845,3036,3082,301,208,2236,337,46,46,-191,1037,969,68,1228,428,696,103
ladu:Wirral,E08000015,5646,5866,5971,689,442,4089,751,105,105,-220,2082,1958,124,2302,837,1274,191
ladu:East Riding of Yorkshire,E06000011,6234,6691,6821,793,526,4446,1056,131,131,-457,2134,1980,154,2590,968,1395,228
"ladu:Kingston upon Hull, City of",E06000010,3584,3909,3959,306,297,2916,440,50,50,-325,1265,1171,94,1590,444,999,147
ladu:North East Lincolnshire,E06000012,2514,2630,2674,266,188,1851,370,44,44,-116,908,842,66,1024,341,584,99
ladu:North Lincolnshire,E06000013,2657,2936,2982,277,197,2144,363,45,45,-279,930,859,71,1209,406,697,107
ladu:York,E06000014,3805,4428,4519,553,360,2968,637,91,91,-623,1129,1043,86,1752,648,973,132
ladu:Craven,E07000163,1112,1192,1219,164,122,749,184,27,27,-80,373,346,27,452,179,235,39
ladu:Hambleton,E07000164,1912,2058,2101,257,189,1280,375,42,42,-146,636,593,43,782,309,410,62
ladu:Harrogate,E07000165,3970,4586,4678,554,370,2647,1106,91,91,-617,1005,930,75,1622,684,828,109
ladu:Richmondshire,E07000166,960,1041,1061,123,97,667,174,20,20,-81,317,292,25,398,147,213,38
ladu:Ryedale,E07000167,1107,1122,1148,159,125,664,201,26,26,-15,384,358,26,398,160,201,37
ladu:Scarborough,E07000168,1898,1766,1809,261,198,1079,271,43,43,132,758,707,51,626,225,328,74
ladu:Selby,E07000169,1628,1973,2007,207,106,1410,284,34,34,-346,494,453,41,840,317,462,61
ladu:Barnsley,E08000016,3764,4031,4088,349,348,2925,466,57,57,-266,1384,1284,100,1650,530,969,151
ladu:Doncaster,E08000017,4925,5271,5347,463,409,3665,810,76,76,-346,1698,1572,126,2044,648,1206,190
ladu:Rotherham,E08000018,4183,4440,4503,389,372,3147,596,64,64,-256,1526,1419,107,1782,579,1042,161
ladu:Sheffield,E08000019,8623,9569,9716,898,861,6709,1248,147,147,-947,2881,2666,215,3827,1254,2237,336
ladu:Bradford,E08000032,7748,8175,8301,766,716,5613,1206,125,125,-428,2785,2589,196,3213,1038,1880,295
ladu:Calderdale,E08000033,3541,3943,4000,348,317,2688,647,57,57,-402,1172,1088,85,1574,542,906,126
ladu:Kirklees,E08000034,6807,7569,7689,733,616,5226,1114,120,120,-762,2296,2122,175,3059,1034,1762,263
ladu:Leeds,E08000035,13474,15657,15898,1476,1292,10943,2187,242,242,-2182,3975,3665,310,6157,2122,3565,471
ladu:Wakefield,E08000036,5571,6059,6150,552,431,4354,812,90,90,-488,1893,1753,140,2381,755,1415,211
ladu:Derby,E06000015,3949,4509,4571,373,309,3326,562,62,62,-561,1306,1205,101,1866,610,1105,152
ladu:Leicester,E06000016,4642,5206,5282,457,417,3695,713,76,76,-564,1458,1334,124,2022,588,1241,193
ladu:Nottingham,E06000018,4215,4693,4755,372,433,3363,587,62,62,-478,1465,1356,110,1944,623,1143,178
ladu:Rutland,E06000017,878,944,962,105,83,587,186,17,17,-66,289,271,19,356,155,175,26
ladu:Amber Valley,E07000032,2211,2552,2591,232,182,1865,311,39,39,-341,750,692,58,1091,418,588,85
ladu:Bolsover,E07000033,1138,1231,1249,105,101,923,119,17,17,-93,421,387,34,513,167,296,51
ladu:Chesterfield,E07000034,1582,1655,1682,163,133,1218,169,27,27,-73,615,570,45,688,224,396,68
ladu:Derbyshire Dales,E07000035,1716,1881,1916,213,152,1063,488,35,35,-165,500,466,34,665,288,330,48
ladu:Erewash,E07000036,1877,2190,2221,188,164,1637,231,31,31,-313,619,566,53,932,334,519,78
ladu:High Peak,E07000037,1742,1986,2018,194,154,1360,311,32,32,-244,548,505,43,792,303,426,63
ladu:North East Derbyshire,E07000038,1750,1879,1909,183,143,1219,364,30,30,-129,587,543,43,716,251,401,64
ladu:South Derbyshire,E07000039,1858,2371,2408,220,148,1750,290,37,37,-514,525,479,46,1039,409,561,69
ladu:Blaby,E07000129,1681,1969,2008,232,173,1418,184,38,38,-288,494,449,45,782,286,431,66
ladu:Charnwood,E07000130,3036,3428,3491,379,266,2331,516,63,63,-393,914,830,84,1307,476,705,126
ladu:Harborough,E07000131,2183,2516,2560,264,180,1498,619,44,44,-333,542,500,42,875,364,451,61
ladu:Hinckley and Bosworth,E07000132,2041,2355,2396,248,173,1630,345,41,41,-315,593,542,51,908,336,498,74
ladu:Melton,E07000133,1012,1120,1139,112,97,730,200,19,19,-109,305,282,24,414,164,216,34
ladu:North West Leicestershire,E07000134,1816,2083,2118,213,154,1472,279,35,35,-267,557,511,46,823,310,446,67
ladu:Oadby and Wigston,E07000135,967,1038,1057,115,83,704,155,19,19,-71,317,290,26,388,137,213,38
ladu:Boston,E07000136,1117,1194,1211,102,101,866,142,17,17,-77,368,338,30,444,136,263,45
ladu:East Lindsey,E07000137,2347,2135,2180,272,222,1280,407,45,45,212,958,894,64,746,258,398,90
ladu:Lincoln,E07000138,1433,1548,1572,141,154,1142,134,24,24,-115,515,471,44,630,195,365,70
ladu:North Kesteven,E07000139,2062,2275,2315,236,190,1577,312,39,39,-214,707,656,51,921,322,523,76
ladu:South Holland,E07000140,1579,1711,1741,176,151,1171,242,29,29,-133,521,479,42,654,213,379,61
ladu:South Kesteven,E07000141,2708,3106,3158,311,199,2119,528,52,52,-398,854,792,63,1252,467,692,93
ladu:West Lindsey,E07000142,1704,1769,1799,181,134,1169,314,30,30,-64,629,587,42,693,247,384,62
ladu:Ashfield,E07000170,1857,2011,2041,184,161,1503,193,30,30,-154,675,622,54,830,274,475,81
ladu:Bassetlaw,E07000171,1978,2108,2138,183,154,1468,334,30,30,-130,695,645,50,826,295,457,74
ladu:Broxtowe,E07000172,1912,2185,2219,206,162,1600,251,34,34,-273,642,592,51,915,339,502,75
ladu:Gedling,E07000173,2083,2283,2320,227,190,1597,306,38,38,-199,712,660,52,911,343,491,77
ladu:Mansfield,E07000174,1678,1729,1754,148,150,1296,160,25,25,-52,652,606,46,703,235,399,70
ladu:Newark and Sherwood,E07000175,2236,2462,2499,221,188,1619,471,37,37,-226,712,659,52,937,358,502,77
ladu:Rushcliffe,E07000176,2531,3114,3171,343,207,2088,534,57,57,-583,702,651,51,1286,551,659,75
ladu:North Northamptonshire,E06000061,6321,7329,7443,690,589,5152,1013,114,114,-1008,1819,1664,156,2827,1038,1565,224
ladu:West Northamptonshire,E06000062,8171,9759,9922,988,873,6658,1403,164,164,-1587,2110,1920,190,3697,1470,1958,270
"ladu:Herefordshire, County of",E06000019,3587,3768,3846,488,401,2253,704,78,78,-181,1169,1081,88,1350,488,733,129
ladu:Shropshire,E06000051,6007,6502,6627,787,603,4106,1132,126,126,-495,1963,1819,144,2458,965,1280,213
ladu:Stoke-on-Trent,E06000021,3621,3915,3962,295,308,2908,451,47,47,-294,1281,1185,95,1575,487,941,147
ladu:Telford and Wrekin,E06000020,2849,3193,3240,291,240,2283,426,46,46,-344,942,870,72,1286,425,754,107
ladu:Cannock Chase,E07000192,1575,1744,1772,175,170,1271,156,28,28,-170,541,498,43,711,234,411,65
ladu:East Staffordshire,E07000193,2066,2404,2441,237,168,1737,300,38,38,-338,643,593,50,981,351,554,76
ladu:Lichfield,E07000194,2222,2551,2594,269,169,1614,542,43,43,-329,645,600,45,975,380,528,66
ladu:Newcastle-under-Lyme,E07000195,2050,2301,2331,190,169,1645,327,30,30,-251,694,637,57,945,333,526,86
ladu:South Staffordshire,E07000196,2181,2428,2471,266,178,1536,490,42,42,-247,665,615,50,913,337,503,73
ladu:Stafford,E07000197,2558,2964,3014,310,202,2011,490,49,49,-406,776,717,59,1182,433,661,87
ladu:Staffordshire Moorlands,E07000198,1786,1874,1905,199,158,1225,323,32,32,-88,623,579,43,710,253,394,63
ladu:Tamworth,E07000199,1204,1431,1454,142,101,1104,106,23,23,-227,390,357,33,616,203,363,50
ladu:North Warwickshire,E07000218,1168,1336,1358,140,107,928,182,22,22,-167,338,308,30,506,193,269,44
ladu:Nuneaton and Bedworth,E07000219,2110,2305,2343,235,162,1764,182,37,37,-196,724,665,59,920,326,507,87
ladu:Rugby,E07000220,2107,2532,2573,260,162,1794,357,41,41,-425,556,507,49,981,388,522,71
ladu:Stratford-on-Avon,E07000221,3445,3937,4011,466,291,2306,948,74,74,-492,866,807,59,1358,631,644,83
ladu:Warwick,E07000222,3360,4145,4221,480,260,2736,745,77,77,-784,784,718,66,1569,679,792,97
ladu:Birmingham,E08000025,16413,17785,18044,1627,1581,12544,2292,259,259,-1372,5574,5179,395,6946,2285,4051,610
ladu:Coventry,E08000026,5284,6091,6183,581,450,4382,770,92,92,-806,1646,1514,131,2452,773,1475,205
ladu:Dudley,E08000027,4965,5483,5568,531,438,3888,710,85,85,-518,1695,1566,129,2213,717,1302,195
ladu:Sandwell,E08000028,4426,4693,4756,398,375,3486,497,63,63,-267,1542,1425,117,1809,556,1074,179
ladu:Solihull,E08000029,4653,5409,5509,625,342,3795,747,100,100,-757,1385,1289,96,2142,956,1046,140
ladu:Walsall,E08000030,4119,4410,4473,394,371,3116,591,63,63,-291,1488,1382,106,1779,556,1062,161
ladu:Wolverhampton,E08000031,3750,4031,4086,343,307,2942,494,55,55,-282,1327,1231,96,1609,517,945,148
ladu:Bromsgrove,E07000234,2225,2608,2655,299,174,1652,530,48,48,-383,604,558,45,987,404,517,66
ladu:Malvern Hills,E07000235,1679,1747,1785,238,162,1035,350,38,38,-68,552,516,37,621,259,311,51
ladu:Redditch,E07000236,1521,1732,1759,169,217,1208,166,27,27,-211,438,400,39,650,228,364,58
ladu:Worcester,E07000237,1712,1992,2026,217,167,1473,168,35,35,-279,547,500,47,826,290,464,72
ladu:Wychavon,E07000238,2707,3012,3073,381,250,1895,547,61,61,-304,797,739,59,1102,446,572,84
ladu:Wyre Forest,E07000239,1766,1821,1855,212,166,1218,260,34,34,-55,632,585,47,687,255,365,67
ladu:Bedford,E06000055,3488,4127,4190,425,351,2830,583,64,64,-639,953,879,74,1592,610,874,108
ladu:Central Bedfordshire,E06000056,5858,7224,7341,788,642,4923,989,118,118,-1366,1468,1340,129,2834,1166,1483,185
ladu:Luton,E06000032,3477,3989,4050,415,479,2704,452,62,62,-511,947,868,79,1458,475,865,118
ladu:Peterborough,E06000031,3395,3879,3924,301,324,2817,482,45,45,-484,973,893,80,1457,540,800,118
ladu:Southend-on-Sea,E06000033,3543,4144,4218,490,406,2744,577,73,73,-602,1007,933,74,1609,623,875,111
ladu:Thurrock,E06000034,3107,3707,3765,390,421,2581,374,58,58,-600,744,672,71,1343,508,732,103
ladu:Cambridge,E07000008,2947,3894,3963,460,339,2693,471,69,69,-947,610,553,57,1557,695,773,88
ladu:East Cambridgeshire,E07000009,1827,2191,2225,228,200,1441,356,34,34,-364,447,408,39,812,338,417,57
ladu:Fenland,E07000010,1712,1753,1780,179,188,1234,178,27,27,-41,603,558,46,644,237,343,65
ladu:Huntingdonshire,E07000011,3486,4215,4281,441,326,2986,528,66,66,-729,962,882,80,1690,704,871,116
ladu:South Cambridgeshire,E07000012,3978,5061,5142,542,367,3294,940,81,81,-1083,882,812,69,1965,900,965,100
ladu:Basildon,E07000066,3538,4355,4421,444,413,3087,478,66,66,-817,962,883,79,1778,714,945,119
ladu:Braintree,E07000067,3003,3644,3700,374,351,2441,534,56,56,-641,792,728,65,1433,575,761,97
ladu:Brentwood,E07000068,2189,2794,2842,318,195,1804,525,47,47,-605,488,452,36,1093,553,488,52
ladu:Castle Point,E07000069,1799,1993,2034,277,213,1281,263,41,41,-194,549,509,40,743,295,390,57
ladu:Chelmsford,E07000070,3876,4761,4845,562,396,3308,579,84,84,-885,1005,923,82,1890,865,906,120
ladu:Colchester,E07000071,3548,4229,4299,465,417,2864,553,69,69,-681,984,903,81,1665,654,886,126
ladu:Epping Forest,E07000072,3695,4427,4509,546,447,2502,1013,82,82,-732,768,706,62,1500,713,699,88
ladu:Harlow,E07000073,1456,1637,1665,188,189,1195,94,28,28,-181,451,412,39,632,234,341,57
ladu:Maldon,E07000074,1402,1572,1603,208,154,1007,233,31,31,-170,422,391,31,591,274,274,43
ladu:Rochford,E07000075,1812,2170,2212,280,183,1399,350,42,42,-358,471,432,39,828,347,426,56
ladu:Tendring,E07000076,2636,2429,2484,367,287,1461,369,55,55,207,1050,987,64,844,317,438,89
ladu:Uttlesford,E07000077,2222,2768,2816,322,243,1720,531,48,48,-545,500,458,41,1045,510,476,58
ladu:Broxbourne,E07000095,2064,2367,2412,306,249,1565,293,46,46,-302,534,489,45,836,356,416,64
ladu:Dacorum,E07000096,3750,4679,4756,515,394,3104,743,77,77,-929,832,761,71,1761,849,810,102
ladu:East Hertfordshire,E07000242,3768,4877,4957,537,380,3295,745,80,80,-1110,801,732,69,1910,950,863,98
ladu:Hertsmere,E07000098,2994,3593,3655,415,355,2126,759,62,62,-599,609,561,48,1208,601,540,67
ladu:North Hertfordshire,E07000099,3192,3916,3976,402,330,2637,607,60,60,-724,751,689,62,1475,692,695,88
ladu:St Albans,E07000240,4439,6016,6123,720,401,4081,921,107,107,-1577,882,815,67,2459,1315,1049,95
ladu:Stevenage,E07000243,1597,1866,1894,189,183,1384,139,28,28,-269,441,401,40,710,280,370,59
ladu:Three Rivers,E07000102,2649,3294,3352,383,267,2046,656,57,57,-645,544,501,43,1189,601,527,61
ladu:Watford,E07000103,2125,2647,2694,314,277,1827,275,47,47,-522,447,403,44,969,421,484,64
ladu:Welwyn Hatfield,E07000241,2588,3161,3211,335,255,2166,455,50,50,-573,629,572,58,1202,564,555,84
ladu:Breckland,E07000143,2345,2405,2448,289,249,1571,339,43,43,-60,832,769,62,891,306,494,92
ladu:Broadland,E07000144,2557,2828,2876,325,257,1717,577,49,49,-271,787,734,52,1057,390,590,77
ladu:Great Yarmouth,E07000145,1485,1518,1542,167,138,1050,187,25,25,-32,580,540,40,612,208,345,59
ladu:King's Lynn and West Norfolk,E07000146,2633,2733,2786,352,282,1710,442,53,53,-101,899,833,66,1000,319,580,101
ladu:North Norfolk,E07000147,1959,1747,1794,314,223,939,318,47,47,212,788,741,47,576,204,303,68
ladu:Norwich,E07000148,2163,2450,2483,218,254,1741,270,33,33,-287,741,684,57,1028,340,596,92
ladu:South Norfolk,E07000149,2603,2862,2913,335,273,1795,510,50,50,-259,820,759,61,1079,400,589,89
ladu:Babergh,E07000200,1876,2115,2152,250,209,1341,352,37,37,-238,584,543,40,822,334,430,58
ladu:Ipswich,E07000202,2196,2510,2545,230,246,1879,190,34,34,-314,734,675,59,1048,355,601,93
ladu:Mid Suffolk,E07000203,1972,2267,2307,266,212,1442,387,40,40,-295,580,535,45,875,338,471,66
ladu:East Suffolk,E07000244,4849,4916,5009,619,437,2995,957,93,93,-67,1717,1607,110,1784,673,953,158
ladu:West Suffolk,E07000245,3240,3788,3848,401,380,2461,605,60,60,-548,889,811,78,1437,526,794,117
ladu:Camden,E09000007,10467,13646,13802,1443,1844,7273,3242,156,156,-3179,1114,1032,82,4293,2506,1651,136
ladu:City of London,E09000001,1669,2311,2325,130,379,1292,524,14,14,-641,78,75,3,719,523,192,4
ladu:Hackney,E09000012,6524,8199,8299,920,1142,5070,1167,100,100,-1675,1196,1120,76,2871,1182,1559,130
ladu:Hammersmith and Fulham,E09000013,7469,10260,10401,1296,962,6438,1706,140,140,-2791,786,716,70,3577,2152,1315,110
ladu:Haringey,E09000014,7552,8999,9127,1183,1386,5150,1407,128,128,-1446,1266,1187,79,2712,1255,1324,133
ladu:Islington,E09000019,7172,9800,9911,1027,1121,6385,1379,111,111,-2628,996,924,71,3623,1866,1634,123
ladu:Kensington and Chelsea,E09000020,12418,17175,17446,2496,1624,8978,4347,270,270,-4757,826,766,60,5583,3846,1645,92
ladu:Lambeth,E09000022,8872,11971,12111,1287,1378,8029,1416,139,139,-3099,1263,1167,97,4362,2015,2182,165
ladu:Lewisham,E09000023,6632,8231,8343,1035,1059,5347,902,112,112,-1598,1291,1203,88,2889,1191,1550,147
ladu:Newham,E09000025,6415,7481,7577,882,1516,4566,613,95,95,-1066,1246,1152,94,2312,777,1374,161
ladu:Southwark,E09000028,8121,11015,11135,1106,1176,7336,1517,120,120,-2895,1192,1098,94,4086,1877,2050,160
ladu:Tower Hamlets,E09000030,7826,10684,10792,1001,1144,7401,1246,108,108,-2857,1128,1044,84,3985,2080,1760,146
ladu:Wandsworth,E09000032,12124,17082,17306,2066,1604,11143,2493,224,224,-4958,1329,1219,110,6286,3597,2512,178
ladu:Westminster,E09000033,13190,17968,18263,2724,2133,10154,3252,295,295,-4777,1267,1181,86,6045,4066,1840,139
ladu:Barking and Dagenham,E09000002,3458,3892,3938,422,754,2538,224,46,46,-434,902,834,68,1336,429,798,109
ladu:Barnet,E09000003,10979,13327,13530,1881,1747,7457,2446,204,204,-2348,1915,1780,135,4263,2122,1930,211
ladu:Bexley,E09000004,5131,6142,6226,780,594,4143,710,84,84,-1011,1240,1157,83,2251,944,1179,127
ladu:Brent,E09000005,7921,9283,9418,1242,1546,5511,1118,135,135,-1362,1494,1392,102,2857,1156,1534,166
ladu:Bromley,E09000006,8669,10789,10944,1430,955,7071,1489,155,155,-2120,1936,1811,125,4056,1994,1871,191
ladu:Croydon,E09000008,8327,9974,10115,1305,1143,6476,1190,141,141,-1647,1942,1813,129,3589,1439,1946,203
ladu:Ealing,E09000009,8936,11284,11438,1422,1438,7250,1328,154,154,-2348,1634,1519,115,3982,1871,1930,181
ladu:Enfield,E09000010,7174,7962,8090,1181,1099,4680,1129,128,128,-788,1813,1703,111,2601,1028,1400,173
ladu:Greenwich,E09000011,6220,8145,8237,858,896,5627,856,93,93,-1924,1228,1135,93,3152,1433,1567,152
ladu:Harrow,E09000015,6585,7839,7958,1104,1140,4394,1321,120,120,-1253,1217,1128,88,2470,1060,1274,136
ladu:Havering,E09000016,5586,6792,6883,835,730,4358,960,90,90,-1206,1330,1240,90,2536,984,1416,136
ladu:Hillingdon,E09000017,6291,7597,7708,1028,813,5054,813,111,111,-1306,1437,1330,106,2742,1100,1475,167
ladu:Hounslow,E09000018,6372,8073,8159,800,972,5386,1001,87,87,-1701,1125,1028,97,2826,1391,1283,152
ladu:Kingston upon Thames,E09000021,4444,5905,5991,788,563,3816,823,85,85,-1461,782,720,63,2243,1119,1026,98
ladu:Merton,E09000024,6097,8213,8313,927,874,5307,1205,100,100,-2116,970,896,73,3086,1551,1420,116
ladu:Redbridge,E09000026,6621,8006,8123,1080,1131,4769,1143,117,117,-1385,1294,1198,97,2679,1080,1446,153
ladu:Richmond upon Thames,E09000027,7481,10674,10815,1307,834,6889,1785,141,141,-3193,1067,995,71,4260,2561,1591,108
ladu:Sutton,E09000029,4578,5558,5634,701,605,3581,746,76,76,-979,974,901,72,1953,855,987,111
ladu:Waltham Forest,E09000031,5995,7268,7373,973,1234,4519,647,105,105,-1273,1163,1075,89,2436,899,1394,143
ladu:Bracknell Forest,E06000036,2591,3371,3419,389,268,2435,326,48,48,-780,558,508,50,1338,603,661,75
ladu:Brighton and Hove,E06000043,6287,7486,7621,1106,1015,4376,1124,135,135,-1199,1334,1235,99,2532,937,1432,162
ladu:Isle of Wight,E06000046,2439,2354,2399,369,274,1386,370,45,45,85,941,884,57,856,301,467,88
ladu:Medway,E06000035,5082,5886,5974,719,641,3954,659,88,88,-804,1398,1292,106,2203,785,1256,161
ladu:Milton Keynes,E06000042,5492,6755,6841,703,515,4746,877,86,86,-1263,1303,1198,104,2566,1024,1387,155
ladu:Portsmouth,E06000044,3422,3841,3894,434,464,2550,447,53,53,-420,1009,936,72,1428,463,848,117
ladu:Reading,E06000038,3490,4337,4400,509,384,3086,420,62,62,-847,783,715,68,1630,695,832,103
ladu:Slough,E06000039,2655,3166,3215,402,348,2219,246,49,49,-511,605,546,59,1116,434,593,89
ladu:Southampton,E06000045,4116,4876,4937,498,542,3316,582,61,61,-760,1083,995,87,1842,594,1108,140
ladu:West Berkshire,E06000037,3960,4862,4932,572,386,3209,766,70,70,-902,911,844,67,1813,861,856,96
ladu:Windsor and Maidenhead,E06000040,4598,6029,6124,782,419,3926,998,96,96,-1431,872,809,63,2304,1204,1009,91
ladu:Wokingham,E06000041,4333,5677,5766,721,349,3863,832,88,88,-1345,899,830,69,2244,1098,1047,99
ladu:Buckinghamshire,E06000060,14420,17884,18145,2131,1421,11547,3045,261,261,-3464,3374,3136,238,6837,3417,3076,344
ladu:Eastbourne,E07000061,1995,2008,2043,285,234,1215,310,35,35,-13,704,662,42,716,268,384,64
ladu:Hastings,E07000062,1496,1559,1587,229,228,1024,106,28,28,-63,526,489,37,589,207,322,60
ladu:Lewes,E07000063,2280,2522,2567,369,282,1443,473,45,45,-241,679,637,41,920,390,466,63
ladu:Rother,E07000064,2055,2033,2073,329,233,1130,381,40,40,22,748,709,39,726,316,354,57
ladu:Wealden,E07000065,3806,4443,4513,569,438,2646,860,70,70,-638,1098,1033,65,1736,795,843,98
ladu:Basingstoke and Deane,E07000084,4174,5169,5236,544,354,3569,768,67,67,-995,1006,931,75,2000,890,1000,111
ladu:East Hampshire,E07000085,3091,3662,3721,478,307,2280,655,59,59,-572,794,741,53,1366,638,649,79
ladu:Eastleigh,E07000086,2669,3293,3342,407,261,2239,435,50,50,-623,656,603,53,1279,513,685,81
ladu:Fareham,E07000087,2413,2840,2885,373,209,1921,382,46,46,-427,696,648,48,1123,452,599,72
ladu:Gosport,E07000088,1450,1566,1588,184,144,1127,133,22,22,-116,512,477,35,628,229,346,53
ladu:Hart,E07000089,2573,3293,3342,404,214,2216,508,49,49,-720,598,557,41,1318,639,619,59
ladu:Havant,E07000090,2431,2586,2627,341,262,1662,362,42,42,-155,786,735,51,941,362,502,77
ladu:New Forest,E07000091,4135,4230,4314,682,393,2525,714,83,83,-95,1375,1294,82,1470,642,712,116
ladu:Rushmoor,E07000092,1829,2272,2305,269,196,1696,144,33,33,-443,454,413,41,898,354,482,62
ladu:Test Valley,E07000093,2849,3382,3431,399,271,2272,489,49,49,-533,786,731,55,1318,581,655,82
ladu:Winchester,E07000094,3138,3887,3952,531,302,2495,624,65,65,-749,795,740,55,1545,741,721,83
ladu:Ashford,E07000105,2631,2955,2998,356,285,1946,410,44,44,-323,779,726,52,1102,459,566,78
ladu:Canterbury,E07000106,2886,3209,3269,495,314,1968,492,61,61,-322,893,830,63,1215,434,680,101
ladu:Dartford,E07000107,2194,2759,2801,347,263,1864,327,42,42,-565,477,435,42,1042,404,574,64
ladu:Dover,E07000108,2132,2164,2203,315,220,1354,314,39,39,-32,779,736,43,812,282,461,68
ladu:Gravesham,E07000109,2032,2321,2357,295,254,1534,274,36,36,-289,557,515,42,846,324,460,62
ladu:Maidstone,E07000110,3525,4180,4244,525,403,2729,587,64,64,-655,894,824,70,1549,644,801,104
ladu:Sevenoaks,E07000111,3578,4549,4608,486,324,2903,895,60,60,-971,815,764,52,1786,972,739,75
ladu:Folkestone and Hythe,E07000112,2194,2260,2300,332,223,1361,383,41,41,-65,760,718,42,825,300,460,65
ladu:Swale,E07000113,2723,2953,2998,366,318,1949,366,45,45,-230,835,777,58,1066,403,576,86
ladu:Thanet,E07000114,2468,2408,2454,376,313,1466,299,46,46,60,915,863,52,856,292,483,81
ladu:Tonbridge and Malling,E07000115,2923,3639,3694,448,292,2457,497,55,55,-717,718,662,56,1434,692,661,82
ladu:Tunbridge Wells,E07000116,3002,3726,3782,453,324,2352,652,56,56,-725,682,631,51,1407,713,618,75
ladu:Cherwell,E07000177,3234,3933,3993,488,336,2689,480,60,60,-699,771,710,61,1470,614,765,91
ladu:Oxford,E07000178,3196,3961,4027,534,436,2676,381,65,65,-765,714,649,65,1480,611,766,103
ladu:South Oxfordshire,E07000179,3897,4905,4978,594,400,3117,867,73,73,-1008,860,803,58,1869,900,884,85
ladu:Vale of White Horse,E07000180,3109,3823,3883,487,305,2549,542,60,60,-714,753,698,54,1466,656,731,80
ladu:West Oxfordshire,E07000181,2764,3213,3263,406,289,1902,666,50,50,-449,634,588,45,1083,474,542,66
ladu:Elmbridge,E07000207,5130,7174,7279,856,445,4772,1206,105,105,-2045,904,845,59,2948,1725,1138,85
ladu:Epsom and Ewell,E07000208,2144,2655,2704,404,215,1684,401,49,49,-510,472,437,35,982,480,450,51
ladu:Guildford,E07000209,4028,5013,5089,622,385,3137,944,76,76,-985,853,786,67,1838,928,810,100
ladu:Mole Valley,E07000210,2718,3231,3290,487,255,1959,588,60,60,-513,656,617,39,1169,630,483,56
ladu:Reigate and Banstead,E07000211,3881,4857,4931,605,371,3193,762,74,74,-976,877,813,64,1853,933,826,95
ladu:Runnymede,E07000212,2099,2609,2653,358,218,1706,371,44,44,-510,461,421,40,971,484,428,59
ladu:Spelthorne,E07000213,2325,2764,2815,412,242,1866,295,50,50,-439,580,535,44,1019,456,499,64
ladu:Surrey Heath,E07000214,2399,2961,3006,373,207,1962,464,46,46,-562,567,527,40,1129,566,505,57
ladu:Tandridge,E07000215,2386,2902,2950,390,240,1849,470,48,48,-516,582,543,39,1097,570,472,56
ladu:Waverley,E07000216,3834,4648,4720,589,345,2861,925,72,72,-814,907,851,56,1721,919,723,78
ladu:Woking,E07000217,2798,3587,3641,445,280,2390,526,54,54,-788,591,547,44,1379,698,617,65
ladu:Adur,E07000223,1197,1309,1335,215,149,831,140,26,26,-112,373,347,26,485,171,274,40
ladu:Arun,E07000224,3323,3337,3404,547,361,1967,529,67,67,-14,1139,1073,66,1153,423,631,98
ladu:Chichester,E07000225,3076,3396,3457,498,347,1902,710,61,61,-320,868,818,50,1188,505,608,75
ladu:Crawley,E07000226,2072,2510,2545,290,221,1877,157,35,35,-438,518,472,46,956,371,514,71
ladu:Horsham,E07000227,3627,4170,4242,583,353,2573,733,71,71,-543,952,892,61,1495,706,702,87
ladu:Mid Sussex,E07000228,3636,4427,4498,586,357,2909,646,72,72,-791,902,839,63,1693,809,792,92
ladu:Worthing,E07000229,2159,2328,2373,368,246,1472,287,45,45,-169,690,646,45,859,299,490,70
ladu:Bath and North East Somerset,E06000022,4034,4604,4689,601,455,2784,849,85,85,-569,1073,984,89,1642,652,859,131
"ladu:Bristol, City of",E06000023,8669,10362,10521,1125,1149,6852,1395,159,159,-1693,2138,1950,188,3831,1356,2191,283
ladu:Cornwall,E06000052,9879,9866,10074,1463,1274,5633,1704,208,208,13,3495,3242,254,3483,1104,2004,374
ladu:Isles of Scilly,E06000053,49,49,50,11,9,23,7,2,2,0,15,14,1,15,5,9,2
ladu:North Somerset,E06000024,4496,4829,4911,576,425,3095,815,82,82,-333,1456,1357,99,1789,685,964,139
ladu:Plymouth,E06000026,4215,4495,4557,439,407,3144,567,62,62,-280,1506,1402,104,1786,535,1091,160
ladu:South Gloucestershire,E06000025,5583,6704,6809,747,554,4514,994,106,106,-1120,1430,1301,129,2550,946,1415,189
ladu:Swindon,E06000030,4126,5068,5138,495,402,3677,564,70,70,-941,1039,942,97,1980,744,1096,141
ladu:Torbay,E06000027,2362,2282,2327,321,287,1363,356,45,45,80,885,828,57,805,251,468,86
ladu:Wiltshire,E06000054,10301,11748,11932,1299,1044,7655,1934,184,184,-1447,3077,2840,237,4525,1781,2404,339
ladu:East Devon,E07000040,2896,2862,2927,451,311,1583,582,64,64,34,1037,971,66,1003,351,559,93
ladu:Exeter,E07000041,2073,2398,2441,299,248,1602,292,43,43,-325,644,584,60,969,285,589,95
ladu:Mid Devon,E07000042,1494,1623,1651,195,190,978,287,28,28,-129,474,438,36,603,196,353,54
ladu:North Devon,E07000043,1753,1747,1785,263,223,1014,285,37,37,6,621,577,43,615,202,350,64
ladu:South Hams,E07000044,1980,1982,2027,316,239,970,502,45,45,-2,631,591,40,633,229,347,57
ladu:Teignbridge,E07000045,2495,2620,2672,366,291,1558,456,52,52,-124,842,782,60,967,319,560,88
ladu:Torridge,E07000046,1132,1070,1095,173,151,604,167,25,25,62,438,407,31,376,120,211,45
ladu:West Devon,E07000047,1124,1106,1126,138,123,604,260,20,20,18,407,381,26,389,134,218,37
"ladu:Bournemouth, Christchurch and Poole",E06000058,7822,8626,8796,1197,942,5395,1262,170,170,-804,2349,2174,176,3154,1153,1740,261
ladu:Dorset,E06000059,7657,7764,7937,1216,814,4557,1349,173,173,-107,2741,2562,179,2848,1043,1544,261
ladu:Cheltenham,E07000078,2446,2830,2879,344,260,1819,457,49,49,-384,694,638,56,1078,426,571,82
ladu:Cotswold,E07000079,2504,2851,2902,357,259,1615,670,51,51,-347,647,605,42,994,464,471,59
ladu:Forest of Dean,E07000080,1467,1543,1570,186,172,1019,194,26,26,-77,508,467,41,585,219,307,59
ladu:Gloucester,E07000081,2098,2369,2404,244,210,1781,169,35,35,-271,688,629,59,959,322,549,89
ladu:Stroud,E07000082,2545,2834,2880,326,273,1751,530,46,46,-289,737,681,56,1026,410,535,80
ladu:Tewkesbury,E07000083,1825,2047,2082,251,169,1336,325,36,36,-222,555,513,42,777,304,413,61
ladu:Mendip,E07000187,2300,2456,2499,304,283,1454,458,43,43,-156,704,651,53,860,315,467,78
ladu:Sedgemoor,E07000188,2178,2322,2361,270,241,1528,322,38,38,-145,743,685,57,887,309,494,83
ladu:South Somerset,E07000189,3270,3427,3482,386,323,2111,661,55,55,-157,1079,1000,79,1236,441,681,114
ladu:Somerset West and Taunton,E07000246,2759,2833,2885,365,307,1840,374,52,52,-75,1004,932,72,1079,380,595,104
ladu:Isle of Anglesey,W06000001,1144,1162,1184,155,103,755,172,22,22,-18,450,414,35,468,145,273,50
ladu:Gwynedd,W06000002,1857,1893,1929,256,196,1179,298,37,37,-36,700,641,58,735,227,423,85
ladu:Conwy,W06000003,1949,1911,1947,251,176,1222,298,36,36,38,781,723,58,743,235,426,82
ladu:Denbighshire,W06000004,1589,1606,1630,164,137,1063,266,24,24,-18,622,576,46,640,202,371,67
ladu:Flintshire,W06000005,2703,2985,3026,289,184,2194,360,41,41,-282,950,871,79,1232,444,678,110
ladu:Wrexham,W06000006,2310,2489,2520,217,160,1744,400,31,31,-179,790,723,68,970,336,538,96
ladu:Powys,W06000023,2251,2192,2236,305,276,1224,431,44,44,58,869,799,69,810,257,455,98
ladu:Ceredigion,W06000008,1112,1100,1125,179,127,633,186,26,26,12,428,391,37,416,131,232,53
ladu:Pembrokeshire,W06000009,2018,1975,2015,276,190,1214,336,40,40,43,808,747,61,766,237,441,87
ladu:Carmarthenshire,W06000010,2935,3016,3061,316,248,2037,459,46,46,-80,1207,1116,91,1288,385,771,132
ladu:Swansea,W06000011,3724,3884,3941,393,295,2703,550,56,56,-161,1461,1348,113,1621,499,957,165
ladu:Neath Port Talbot,W06000012,2233,2162,2188,181,138,1612,258,26,26,71,988,922,66,917,285,536,96
ladu:Bridgend,W06000013,2226,2434,2470,257,168,1763,283,37,37,-207,804,737,66,1011,324,590,97
ladu:Vale of Glamorgan,W06000014,2467,2706,2755,340,200,1762,453,49,49,-240,835,775,60,1075,375,616,84
ladu:Cardiff,W06000015,5846,6754,6859,725,535,4655,943,104,104,-909,1860,1694,166,2769,894,1630,245
ladu:Rhondda Cynon Taff,W06000016,3509,3703,3748,315,309,2712,412,45,45,-194,1366,1260,106,1560,483,921,156
ladu:Merthyr Tydfil,W06000024,881,927,936,62,69,677,127,9,9,-46,343,316,27,389,115,235,39
ladu:Caerphilly,W06000018,2730,2905,2941,249,191,2125,376,36,36,-175,1044,963,82,1219,358,742,119
ladu:Blaenau Gwent,W06000019,905,934,943,63,69,743,68,9,9,-29,394,362,32,422,122,254,47
ladu:Torfaen,W06000020,1383,1509,1528,132,96,1115,186,19,19,-126,522,481,42,649,197,391,61
ladu:Monmouthshire,W06000021,1877,2078,2115,257,154,1299,404,37,37,-201,607,558,48,807,322,419,66
ladu:Newport,W06000022,2412,2642,2680,266,181,1975,257,38,38,-230,870,796,74,1100,375,618,107
ladu:Aberdeen City,S12000033,4581,5778,5860,570,305,4235,751,82,82,-1197,1151,1046,105,2348,1006,1184,158
ladu:Aberdeenshire,S12000034,5493,6746,6864,821,384,4648,1011,118,118,-1253,1329,1214,115,2582,1099,1316,168
ladu:Angus,S12000041,2166,2342,2380,264,143,1577,396,38,38,-176,698,652,45,874,298,507,68
ladu:Argyll and Bute,S12000035,1524,1514,1540,181,159,980,220,26,26,10,594,557,37,584,207,321,56
ladu:Clackmannanshire,S12000005,956,959,970,79,56,729,106,11,11,-3,406,385,21,409,141,236,32
ladu:Dumfries and Galloway,S12000006,2581,2634,2675,285,235,1681,475,41,41,-53,979,915,64,1032,302,633,97
ladu:Dundee City,S12000042,2216,2320,2346,184,197,1740,226,26,26,-104,847,789,58,952,296,563,93
ladu:East Ayrshire,S12000008,1989,2155,2180,176,151,1556,298,25,25,-166,694,646,48,860,275,510,75
ladu:East Dunbartonshire,S12000045,2453,2820,2875,383,164,1825,504,55,55,-367,703,658,45,1070,421,582,67
ladu:East Lothian,S12000010,2183,2507,2547,281,183,1674,410,40,40,-324,639,594,45,963,387,509,67
ladu:East Renfrewshire,S12000011,2167,2533,2586,363,131,1563,528,52,52,-366,547,510,38,914,370,487,57
ladu:City of Edinburgh,S12000036,11140,13368,13585,1510,1219,8762,2095,217,217,-2228,2736,2534,202,4964,2043,2605,317
ladu:Na h-Eileanan Siar,S12000013,444,468,475,45,42,316,71,7,7,-25,156,144,12,180,55,108,18
ladu:Falkirk,S12000014,2732,3134,3170,251,196,2362,361,36,36,-402,872,806,67,1274,441,733,101
ladu:Fife,S12000047,6309,6948,7052,726,432,5001,893,104,104,-639,2167,2013,153,2805,957,1616,232
ladu:Glasgow City,S12000049,9749,11038,11173,937,901,7962,1373,135,135,-1289,3114,2901,213,4402,1429,2625,349
ladu:Highland,S12000017,4333,4735,4827,640,381,3130,677,92,92,-402,1379,1278,102,1782,596,1032,154
ladu:Inverclyde,S12000018,1302,1338,1353,109,72,1036,137,16,16,-35,522,490,33,558,201,307,49
ladu:Midlothian,S12000019,1660,1929,1963,235,129,1394,205,34,34,-269,495,456,39,764,281,426,57
ladu:Moray,S12000020,1618,1836,1866,204,131,1280,251,29,29,-218,505,464,42,724,246,415,62
ladu:North Ayrshire,S12000021,2146,2238,2265,191,141,1671,262,28,28,-92,837,783,54,929,301,545,83
ladu:North Lanarkshire,S12000050,5528,6315,6384,485,381,4831,688,70,70,-786,1757,1625,132,2543,839,1502,203
ladu:Orkney Islands,S12000023,389,452,460,55,34,283,88,8,8,-63,116,106,10,179,47,118,15
ladu:Perth and Kinross,S12000048,2926,3232,3288,387,253,2130,517,56,56,-307,923,858,65,1230,485,648,97
ladu:Renfrewshire,S12000038,3013,3372,3422,348,184,2595,294,50,50,-359,1041,968,73,1400,498,790,111
ladu:Scottish Borders,S12000026,2155,2275,2314,271,193,1452,398,39,39,-120,744,693,50,864,306,482,75
ladu:Shetland Islands,S12000027,452,546,555,58,47,384,65,8,8,-94,112,101,11,206,72,119,15
ladu:South Ayrshire,S12000028,2032,2120,2157,259,132,1461,305,37,37,-88,744,697,47,831,294,465,72
ladu:South Lanarkshire,S12000029,5648,6467,6558,630,408,4688,832,91,91,-819,1797,1667,130,2616,902,1516,198
ladu:Stirling,S12000030,1839,2086,2113,191,154,1415,353,28,28,-247,594,554,41,841,342,437,62
ladu:West Dunbartonshire,S12000039,1371,1460,1476,111,86,1185,95,16,16,-89,540,502,37,629,204,367,57
ladu:West Lothian,S12000040,3149,3713,3758,317,213,2797,431,46,46,-564,963,888,75,1527,524,891,112
ladu:Antrim and Newtownabbey,N09000001,2327,2602,2627,279,201,1806,340,25,25,-275,761,682,79,1036,312,618,107
"ladu:Armagh City, Banbridge and Craigavon",N09000002,3303,3708,3741,357,376,2475,532,32,32,-405,1032,914,118,1437,433,846,158
ladu:Belfast,N09000003,5309,5666,5712,513,600,3882,717,46,46,-357,1850,1686,164,2207,685,1289,233
ladu:Causeway Coast and Glens,N09000004,2309,2359,2385,290,290,1443,363,26,26,-50,782,702,80,832,253,470,109
ladu:Derry City and Strabane,N09000005,2164,2158,2177,211,247,1424,295,19,19,6,824,749,75,818,233,480,104
ladu:Fermanagh and Omagh,N09000006,1763,1868,1886,199,244,1134,310,18,18,-106,602,537,65,708,194,426,88
ladu:Lisburn and Castlereagh,N09000007,2592,3006,3037,344,232,2052,410,31,31,-414,757,673,84,1171,400,659,112
ladu:Mid and East Antrim,N09000008,2338,2534,2558,262,218,1727,351,24,24,-197,761,682,79,958,293,557,107
ladu:Mid Ulster,N09000009,2328,2567,2589,241,329,1594,425,22,22,-239,686,603,83,925,260,554,111
"ladu:Newry, Mourne and Down",N09000010,2742,2960,2990,332,392,1813,452,30,30,-218,890,792,98,1108,314,661,132
ladu:Ards and North Down,N09000011,2782,2936,2969,369,288,1867,445,33,33,-154,1002,911,91,1155,367,664,124
gor:North East,E12000001,42139,45028,45661,4437,3125,32013,6087,633,633,-2889,15580,14385,1195,18469,6104,10612,1753
gor:North West,E12000002,124586,137463,139737,14850,10565,94685,19637,2274,2274,-12877,40890,38116,2774,53767,19010,30489,4268
gor:Yorkshire and The Humber,E12000003,90018,99046,100669,9893,8137,68091,14549,1623,1623,-9028,29944,27731,2213,38972,13331,22307,3335
gor:East Midlands,E12000004,82011,92327,93816,8979,7369,64094,13374,1489,1489,-10316,26077,24011,2066,36393,13183,20152,3059
gor:West Midlands,E12000005,99114,110143,111935,11247,8847,75857,15984,1792,1792,-11029,31827,29441,2386,42856,15347,23931,3577
gor:East,E12000006,127041,149519,152042,16894,13781,99190,22178,2523,2523,-22478,34457,31737,2720,56935,23868,29083,3984
gor:London,E12000007,243320,311543,315729,38658,37537,193388,46147,4186,4186,-68223,40441,37539,2902,108664,53949,50056,4659
gor:South East,E12000008,206588,246103,249978,31663,21894,159796,36624,3875,3875,-39515,53008,49268,3740,92523,41279,45639,5605
gor:South West,E12000009,107531,117317,119406,14723,12036,73862,18786,2090,2090,-9785,33656,31128,2528,43442,15681,24052,3708
gor:Wales,W92000004,50060,52968,53779,5648,4201,36407,7522,811,811,-2908,18698,17214,1485,21606,6947,12515,2144
gor:Scotland,S92000003,98244,111379,113040,11545,7835,78344,15315,1661,1661,-13135,30702,28493,2209,43837,15865,24595,3376
gor:Northern Ireland,N92000002,29956,32365,32672,3399,3415,21217,4641,307,307,-2409,9945,8930,1015,12354,3745,7224,1385
